{"v":"5.1.1","fr":30,"ip":0,"op":56,"w":150,"h":150,"nm":"Comp 1","ddd":0,"assets":[{"id":"comp_0","layers":[{"ddd":0,"ind":1,"ty":4,"nm":"Shape Layer 5","sr":1,"ks":{"o":{"a":0,"k":100,"ix":11},"r":{"a":0,"k":0,"ix":10},"p":{"a":0,"k":[39.833,71.62,0],"ix":2},"a":{"a":0,"k":[61.083,-28.38,0],"ix":1},"s":{"a":1,"k":[{"i":{"x":[0.833,0.833,0.833],"y":[0.833,0.833,0.833]},"o":{"x":[0.167,0.167,0.167],"y":[0.167,0.167,0.167]},"n":["0p833_0p833_0p167_0p167","0p833_0p833_0p167_0p167","0p833_0p833_0p167_0p167"],"t":12,"s":[100,100,100],"e":[0,0,100]},{"t":24}],"ix":6}},"ao":0,"shapes":[{"ty":"gr","it":[{"d":1,"ty":"el","s":{"a":0,"k":[14,14],"ix":2},"p":{"a":0,"k":[0,0],"ix":3},"nm":"Ellipse Path 1","mn":"ADBE Vector Shape - Ellipse","hd":false},{"ty":"fl","c":{"a":0,"k":[1,0,0.513725490196,1],"ix":4},"o":{"a":0,"k":100,"ix":5},"r":1,"nm":"Fill 1","mn":"ADBE Vector Graphic - Fill","hd":false},{"ty":"tr","p":{"a":0,"k":[60.87,-28.38],"ix":2},"a":{"a":0,"k":[0,0],"ix":1},"s":{"a":0,"k":[100,100],"ix":3},"r":{"a":0,"k":0,"ix":6},"o":{"a":0,"k":100,"ix":7},"sk":{"a":0,"k":0,"ix":4},"sa":{"a":0,"k":0,"ix":5},"nm":"Transform"}],"nm":"Ellipse 1","np":3,"cix":2,"ix":1,"mn":"ADBE Vector Group","hd":false}],"ip":12,"op":24,"st":12,"bm":0},{"ddd":0,"ind":2,"ty":4,"nm":"Shape Layer 7","sr":1,"ks":{"o":{"a":0,"k":100,"ix":11},"r":{"a":0,"k":0,"ix":10},"p":{"a":0,"k":[160.833,111.62,0],"ix":2},"a":{"a":0,"k":[61.083,-28.38,0],"ix":1},"s":{"a":1,"k":[{"i":{"x":[0.667,0.667,0.667],"y":[1,1,1]},"o":{"x":[0.167,0.167,0.167],"y":[0.167,0.167,8.333]},"n":["0p667_1_0p167_0p167","0p667_1_0p167_0p167","0p667_1_0p167_8p333"],"t":0,"s":[0,0,100],"e":[50,50,100]},{"i":{"x":[0.833,0.833,0.833],"y":[0.833,0.833,9.333]},"o":{"x":[0.333,0.333,0.333],"y":[0,0,0]},"n":["0p833_0p833_0p333_0","0p833_0p833_0p333_0","0p833_9p333_0p333_0"],"t":6,"s":[50,50,100],"e":[0,0,100]},{"t":12}],"ix":6}},"ao":0,"shapes":[{"ty":"gr","it":[{"d":1,"ty":"el","s":{"a":0,"k":[12,12],"ix":2},"p":{"a":0,"k":[0,0],"ix":3},"nm":"Ellipse Path 1","mn":"ADBE Vector Shape - Ellipse","hd":false},{"ty":"fl","c":{"a":0,"k":[1,0,0.513725490196,1],"ix":4},"o":{"a":0,"k":100,"ix":5},"r":1,"nm":"Fill 1","mn":"ADBE Vector Graphic - Fill","hd":false},{"ty":"tr","p":{"a":0,"k":[60.87,-28.38],"ix":2},"a":{"a":0,"k":[0,0],"ix":1},"s":{"a":0,"k":[100,100],"ix":3},"r":{"a":0,"k":0,"ix":6},"o":{"a":0,"k":100,"ix":7},"sk":{"a":0,"k":0,"ix":4},"sa":{"a":0,"k":0,"ix":5},"nm":"Transform"}],"nm":"Ellipse 1","np":3,"cix":2,"ix":1,"mn":"ADBE Vector Group","hd":false}],"ip":0,"op":12,"st":0,"bm":0},{"ddd":0,"ind":3,"ty":4,"nm":"Shape Layer 4","sr":1,"ks":{"o":{"a":0,"k":100,"ix":11},"r":{"a":0,"k":0,"ix":10},"p":{"a":0,"k":[145.833,51.62,0],"ix":2},"a":{"a":0,"k":[61.083,-28.38,0],"ix":1},"s":{"a":1,"k":[{"i":{"x":[0.833,0.833,0.833],"y":[0.833,0.833,0.833]},"o":{"x":[0.167,0.167,0.167],"y":[0.167,0.167,0.167]},"n":["0p833_0p833_0p167_0p167","0p833_0p833_0p167_0p167","0p833_0p833_0p167_0p167"],"t":6,"s":[100,100,100],"e":[0,0,100]},{"t":18}],"ix":6}},"ao":0,"shapes":[{"ty":"gr","it":[{"d":1,"ty":"el","s":{"a":0,"k":[12,12],"ix":2},"p":{"a":0,"k":[0,0],"ix":3},"nm":"Ellipse Path 1","mn":"ADBE Vector Shape - Ellipse","hd":false},{"ty":"fl","c":{"a":0,"k":[1,0,0.513725490196,1],"ix":4},"o":{"a":0,"k":100,"ix":5},"r":1,"nm":"Fill 1","mn":"ADBE Vector Graphic - Fill","hd":false},{"ty":"tr","p":{"a":0,"k":[60.87,-28.38],"ix":2},"a":{"a":0,"k":[0,0],"ix":1},"s":{"a":0,"k":[100,100],"ix":3},"r":{"a":0,"k":0,"ix":6},"o":{"a":0,"k":100,"ix":7},"sk":{"a":0,"k":0,"ix":4},"sa":{"a":0,"k":0,"ix":5},"nm":"Transform"}],"nm":"Ellipse 1","np":3,"cix":2,"ix":1,"mn":"ADBE Vector Group","hd":false}],"ip":6,"op":18,"st":6,"bm":0},{"ddd":0,"ind":4,"ty":4,"nm":"Shape Layer 6","sr":1,"ks":{"o":{"a":0,"k":100,"ix":11},"r":{"a":0,"k":0,"ix":10},"p":{"a":0,"k":[158.083,57.62,0],"ix":2},"a":{"a":0,"k":[61.083,-28.38,0],"ix":1},"s":{"a":1,"k":[{"i":{"x":[0.833,0.833,0.833],"y":[0.833,0.833,0.833]},"o":{"x":[0.167,0.167,0.167],"y":[0.167,0.167,0.167]},"n":["0p833_0p833_0p167_0p167","0p833_0p833_0p167_0p167","0p833_0p833_0p167_0p167"],"t":3.6,"s":[100,100,100],"e":[0,0,100]},{"t":15.6}],"ix":6}},"ao":0,"shapes":[{"ty":"gr","it":[{"d":1,"ty":"el","s":{"a":0,"k":[18,18],"ix":2},"p":{"a":0,"k":[0,0],"ix":3},"nm":"Ellipse Path 1","mn":"ADBE Vector Shape - Ellipse","hd":false},{"ty":"fl","c":{"a":0,"k":[1,0,0.513725490196,1],"ix":4},"o":{"a":0,"k":100,"ix":5},"r":1,"nm":"Fill 1","mn":"ADBE Vector Graphic - Fill","hd":false},{"ty":"tr","p":{"a":0,"k":[60.87,-28.38],"ix":2},"a":{"a":0,"k":[0,0],"ix":1},"s":{"a":0,"k":[100,100],"ix":3},"r":{"a":0,"k":0,"ix":6},"o":{"a":0,"k":100,"ix":7},"sk":{"a":0,"k":0,"ix":4},"sa":{"a":0,"k":0,"ix":5},"nm":"Transform"}],"nm":"Ellipse 1","np":3,"cix":2,"ix":1,"mn":"ADBE Vector Group","hd":false}],"ip":3.6,"op":15.6,"st":3.6,"bm":0},{"ddd":0,"ind":5,"ty":4,"nm":"Shape Layer 3","sr":1,"ks":{"o":{"a":0,"k":100,"ix":11},"r":{"a":0,"k":0,"ix":10},"p":{"a":0,"k":[163.583,60.62,0],"ix":2},"a":{"a":0,"k":[61.083,-28.38,0],"ix":1},"s":{"a":1,"k":[{"i":{"x":[0.833,0.833,0.833],"y":[0.833,0.833,0.833]},"o":{"x":[0.167,0.167,0.167],"y":[0.167,0.167,0.167]},"n":["0p833_0p833_0p167_0p167","0p833_0p833_0p167_0p167","0p833_0p833_0p167_0p167"],"t":0,"s":[100,100,100],"e":[0,0,100]},{"t":12}],"ix":6}},"ao":0,"shapes":[{"ty":"gr","it":[{"d":1,"ty":"el","s":{"a":0,"k":[15,15],"ix":2},"p":{"a":0,"k":[0,0],"ix":3},"nm":"Ellipse Path 1","mn":"ADBE Vector Shape - Ellipse","hd":false},{"ty":"fl","c":{"a":0,"k":[1,0,0.513725490196,1],"ix":4},"o":{"a":0,"k":100,"ix":5},"r":1,"nm":"Fill 1","mn":"ADBE Vector Graphic - Fill","hd":false},{"ty":"tr","p":{"a":0,"k":[60.87,-28.38],"ix":2},"a":{"a":0,"k":[0,0],"ix":1},"s":{"a":0,"k":[100,100],"ix":3},"r":{"a":0,"k":0,"ix":6},"o":{"a":0,"k":100,"ix":7},"sk":{"a":0,"k":0,"ix":4},"sa":{"a":0,"k":0,"ix":5},"nm":"Transform"}],"nm":"Ellipse 1","np":3,"cix":2,"ix":1,"mn":"ADBE Vector Group","hd":false}],"ip":0,"op":12,"st":0,"bm":0}]}],"layers":[{"ddd":0,"ind":1,"ty":4,"nm":"Shape Layer 4","sr":1,"ks":{"o":{"a":0,"k":100,"ix":11},"r":{"a":1,"k":[{"i":{"x":[0.833],"y":[0.833]},"o":{"x":[0.167],"y":[0.167]},"n":["0p833_0p833_0p167_0p167"],"t":12,"s":[176],"e":[106]},{"t":22}],"ix":10},"p":{"a":0,"k":[75,75,0],"ix":2},"a":{"a":0,"k":[0,0,0],"ix":1},"s":{"a":1,"k":[{"i":{"x":[0.833,0.833,0.833],"y":[0.833,0.833,0.833]},"o":{"x":[0.167,0.167,0.167],"y":[0.167,0.167,0.167]},"n":["0p833_0p833_0p167_0p167","0p833_0p833_0p167_0p167","0p833_0p833_0p167_0p167"],"t":12,"s":[50,50,100],"e":[350,350,100]},{"t":22}],"ix":6}},"ao":0,"shapes":[{"ty":"gr","it":[{"d":1,"ty":"el","s":{"a":1,"k":[{"i":{"x":[0.833,0.833],"y":[0.833,0.833]},"o":{"x":[0.167,0.167],"y":[0.167,0.167]},"n":["0p833_0p833_0p167_0p167","0p833_0p833_0p167_0p167"],"t":12,"s":[9.023,9.023],"e":[0,0]},{"t":22}],"ix":2},"p":{"a":0,"k":[0,0],"ix":3},"nm":"Ellipse Path 1","mn":"ADBE Vector Shape - Ellipse","hd":false},{"ty":"fl","c":{"a":0,"k":[1,0,0.513725490196,1],"ix":4},"o":{"a":0,"k":100,"ix":5},"r":1,"nm":"Fill 1","mn":"ADBE Vector Graphic - Fill","hd":false},{"ty":"tr","p":{"a":0,"k":[-9.488,-18.488],"ix":2},"a":{"a":0,"k":[0,0],"ix":1},"s":{"a":0,"k":[100,100],"ix":3},"r":{"a":0,"k":0,"ix":6},"o":{"a":0,"k":100,"ix":7},"sk":{"a":0,"k":0,"ix":4},"sa":{"a":0,"k":0,"ix":5},"nm":"Transform"}],"nm":"Ellipse 1","np":3,"cix":2,"ix":1,"mn":"ADBE Vector Group","hd":false}],"ip":12,"op":445,"st":-5,"bm":0},{"ddd":0,"ind":2,"ty":4,"nm":"Shape Layer 3","sr":1,"ks":{"o":{"a":0,"k":100,"ix":11},"r":{"a":1,"k":[{"i":{"x":[0.833],"y":[0.833]},"o":{"x":[0.167],"y":[0.167]},"n":["0p833_0p833_0p167_0p167"],"t":12,"s":[-40],"e":[-40]},{"t":22}],"ix":10},"p":{"a":0,"k":[75,75,0],"ix":2},"a":{"a":0,"k":[0,0,0],"ix":1},"s":{"a":1,"k":[{"i":{"x":[0.833,0.833,0.833],"y":[0.833,0.833,0.833]},"o":{"x":[0.167,0.167,0.167],"y":[0.167,0.167,0.167]},"n":["0p833_0p833_0p167_0p167","0p833_0p833_0p167_0p167","0p833_0p833_0p167_0p167"],"t":12,"s":[50,50,100],"e":[250,250,100]},{"t":22}],"ix":6}},"ao":0,"shapes":[{"ty":"gr","it":[{"d":1,"ty":"el","s":{"a":1,"k":[{"i":{"x":[0.833,0.833],"y":[0.833,0.833]},"o":{"x":[0.167,0.167],"y":[0.167,0.167]},"n":["0p833_0p833_0p167_0p167","0p833_0p833_0p167_0p167"],"t":12,"s":[9.023,9.023],"e":[0,0]},{"t":22}],"ix":2},"p":{"a":0,"k":[0,0],"ix":3},"nm":"Ellipse Path 1","mn":"ADBE Vector Shape - Ellipse","hd":false},{"ty":"fl","c":{"a":0,"k":[1,0,0.513725490196,1],"ix":4},"o":{"a":0,"k":100,"ix":5},"r":1,"nm":"Fill 1","mn":"ADBE Vector Graphic - Fill","hd":false},{"ty":"tr","p":{"a":0,"k":[-9.488,-18.488],"ix":2},"a":{"a":0,"k":[0,0],"ix":1},"s":{"a":0,"k":[100,100],"ix":3},"r":{"a":0,"k":0,"ix":6},"o":{"a":0,"k":100,"ix":7},"sk":{"a":0,"k":0,"ix":4},"sa":{"a":0,"k":0,"ix":5},"nm":"Transform"}],"nm":"Ellipse 1","np":3,"cix":2,"ix":1,"mn":"ADBE Vector Group","hd":false}],"ip":12,"op":445,"st":-5,"bm":0},{"ddd":0,"ind":3,"ty":4,"nm":"Shape Layer 2","sr":1,"ks":{"o":{"a":0,"k":100,"ix":11},"r":{"a":1,"k":[{"i":{"x":[0.833],"y":[0.833]},"o":{"x":[0.167],"y":[0.167]},"n":["0p833_0p833_0p167_0p167"],"t":13,"s":[0],"e":[-50]},{"t":23}],"ix":10},"p":{"a":0,"k":[75,75,0],"ix":2},"a":{"a":0,"k":[0,0,0],"ix":1},"s":{"a":1,"k":[{"i":{"x":[0.833,0.833,0.833],"y":[0.833,0.833,0.833]},"o":{"x":[0.167,0.167,0.167],"y":[0.167,0.167,0.167]},"n":["0p833_0p833_0p167_0p167","0p833_0p833_0p167_0p167","0p833_0p833_0p167_0p167"],"t":13,"s":[50,50,100],"e":[300,300,100]},{"t":23}],"ix":6}},"ao":0,"shapes":[{"ty":"gr","it":[{"d":1,"ty":"el","s":{"a":1,"k":[{"i":{"x":[0.833,0.833],"y":[0.833,0.833]},"o":{"x":[0.167,0.167],"y":[0.167,0.167]},"n":["0p833_0p833_0p167_0p167","0p833_0p833_0p167_0p167"],"t":13,"s":[9.023,9.023],"e":[0,0]},{"t":23}],"ix":2},"p":{"a":0,"k":[0,0],"ix":3},"nm":"Ellipse Path 1","mn":"ADBE Vector Shape - Ellipse","hd":false},{"ty":"fl","c":{"a":0,"k":[1,0,0.513725490196,1],"ix":4},"o":{"a":0,"k":100,"ix":5},"r":1,"nm":"Fill 1","mn":"ADBE Vector Graphic - Fill","hd":false},{"ty":"tr","p":{"a":0,"k":[-9.488,-18.488],"ix":2},"a":{"a":0,"k":[0,0],"ix":1},"s":{"a":0,"k":[100,100],"ix":3},"r":{"a":0,"k":0,"ix":6},"o":{"a":0,"k":100,"ix":7},"sk":{"a":0,"k":0,"ix":4},"sa":{"a":0,"k":0,"ix":5},"nm":"Transform"}],"nm":"Ellipse 1","np":3,"cix":2,"ix":1,"mn":"ADBE Vector Group","hd":false}],"ip":13,"op":446,"st":-4,"bm":0},{"ddd":0,"ind":4,"ty":4,"nm":"Star","sr":1,"ks":{"o":{"a":0,"k":100,"ix":11},"r":{"a":1,"k":[{"i":{"x":[0.165],"y":[1]},"o":{"x":[0.167],"y":[0.167]},"n":["0p165_1_0p167_0p167"],"t":10,"s":[180],"e":[0]},{"t":38}],"ix":10},"p":{"a":0,"k":[75,76,0],"ix":2},"a":{"a":0,"k":[1,8,0],"ix":1},"s":{"a":1,"k":[{"i":{"x":[0.667,0.667,0.667],"y":[1,1,1]},"o":{"x":[0.333,0.333,0.333],"y":[0,0,0]},"n":["0p667_1_0p333_0","0p667_1_0p333_0","0p667_1_0p333_0"],"t":10,"s":[0,0,100],"e":[28,28,100]},{"i":{"x":[0.667,0.667,0.667],"y":[1,1,1]},"o":{"x":[0.333,0.333,0.333],"y":[0,0,0]},"n":["0p667_1_0p333_0","0p667_1_0p333_0","0p667_1_0p333_0"],"t":17,"s":[28,28,100],"e":[16,16,100]},{"i":{"x":[0.667,0.667,0.667],"y":[1,1,1]},"o":{"x":[0.333,0.333,0.333],"y":[0,0,0]},"n":["0p667_1_0p333_0","0p667_1_0p333_0","0p667_1_0p333_0"],"t":24,"s":[16,16,100],"e":[22,22,100]},{"i":{"x":[0.667,0.667,0.667],"y":[1,1,1]},"o":{"x":[0.333,0.333,0.333],"y":[0,0,0]},"n":["0p667_1_0p333_0","0p667_1_0p333_0","0p667_1_0p333_0"],"t":31,"s":[22,22,100],"e":[20,20,100]},{"t":38}],"ix":6}},"ao":0,"shapes":[{"ty":"gr","it":[{"ind":0,"ty":"sh","ix":1,"ks":{"a":0,"k":{"i":[[-6.042,-12.243],[0,0],[-5.365,-0.78],[0,0],[9.776,-9.53],[0,0],[-0.916,-5.343],[0,0],[12.084,6.353],[0,0],[4.799,-2.523],[0,0],[-2.308,13.456],[0,0],[3.882,3.784],[0,0],[-13.51,1.963],[0,0],[-2.399,4.862],[0,0]],"o":[[0,0],[2.399,4.862],[0,0],[13.51,1.963],[0,0],[-3.882,3.784],[0,0],[2.308,13.456],[0,0],[-4.799,-2.523],[0,0],[-12.084,6.353],[0,0],[0.917,-5.343],[0,0],[-9.776,-9.53],[0,0],[5.365,-0.78],[0,0],[6.042,-12.243]],"v":[[14.771,-118.301],[42.948,-61.208],[55.35,-52.197],[118.357,-43.042],[127.486,-14.946],[81.894,29.495],[77.157,44.075],[87.919,106.826],[64.02,124.191],[7.665,94.563],[-7.665,94.563],[-64.02,124.191],[-87.919,106.826],[-77.157,44.075],[-81.894,29.495],[-127.486,-14.946],[-118.357,-43.042],[-55.35,-52.197],[-42.948,-61.208],[-14.771,-118.301]],"c":true},"ix":2},"nm":"Path 1","mn":"ADBE Vector Shape - Group","hd":false},{"ty":"fl","c":{"a":0,"k":[1,0,0.513725490196,1],"ix":4},"o":{"a":0,"k":100,"ix":5},"r":1,"nm":"Fill 1","mn":"ADBE Vector Graphic - Fill","hd":false},{"ty":"tr","p":{"a":0,"k":[0,0],"ix":2},"a":{"a":0,"k":[0,0],"ix":1},"s":{"a":0,"k":[100,100],"ix":3},"r":{"a":0,"k":0,"ix":6},"o":{"a":0,"k":100,"ix":7},"sk":{"a":0,"k":0,"ix":4},"sa":{"a":0,"k":0,"ix":5},"nm":"Transform"}],"nm":"Shape 1","np":3,"cix":2,"ix":1,"mn":"ADBE Vector Group","hd":false}],"ip":0,"op":445,"st":-5,"bm":0},{"ddd":0,"ind":5,"ty":3,"nm":"All","sr":1,"ks":{"o":{"a":0,"k":100,"ix":11},"r":{"a":0,"k":0,"ix":10},"p":{"s":true,"x":{"a":0,"k":72.25,"ix":3},"y":{"a":0,"k":86.5,"ix":4}},"a":{"a":0,"k":[60,60,0],"ix":1},"s":{"a":1,"k":[{"i":{"x":[0.833,0.833,0.833],"y":[0.833,0.833,18.544]},"o":{"x":[0.545,0.545,0.333],"y":[0,0,0]},"n":["0p833_0p833_0p545_0","0p833_0p833_0p545_0","0p833_18p544_0p333_0"],"t":0,"s":[100,100,100],"e":[0,0,100]},{"t":20}],"ix":6}},"ao":0,"ip":0,"op":450,"st":0,"bm":0},{"ddd":0,"ind":6,"ty":4,"nm":"Pink Bubble 2","parent":5,"sr":1,"ks":{"o":{"a":0,"k":100,"ix":11},"r":{"a":1,"k":[{"i":{"x":[0.833],"y":[0.833]},"o":{"x":[0.167],"y":[0.167]},"n":["0p833_0p833_0p167_0p167"],"t":9.601,"s":[0],"e":[-50]},{"t":21.60078125}],"ix":10},"p":{"a":0,"k":[59,56.5,0],"ix":2},"a":{"a":0,"k":[0,0,0],"ix":1},"s":{"a":1,"k":[{"i":{"x":[0.833,0.833,0.833],"y":[0.833,0.833,0.833]},"o":{"x":[0.167,0.167,0.167],"y":[0.167,0.167,0.167]},"n":["0p833_0p833_0p167_0p167","0p833_0p833_0p167_0p167","0p833_0p833_0p167_0p167"],"t":9.601,"s":[100,100,100],"e":[50,50,100]},{"t":21.60078125}],"ix":6}},"ao":0,"shapes":[{"ty":"gr","it":[{"d":1,"ty":"el","s":{"a":1,"k":[{"i":{"x":[0.833,0.833],"y":[0.833,0.833]},"o":{"x":[0.167,0.167],"y":[0.167,0.167]},"n":["0p833_0p833_0p167_0p167","0p833_0p833_0p167_0p167"],"t":9.601,"s":[16,16],"e":[0,0]},{"t":21.60078125}],"ix":2},"p":{"a":0,"k":[0,0],"ix":3},"nm":"Ellipse Path 1","mn":"ADBE Vector Shape - Ellipse","hd":false},{"ty":"fl","c":{"a":0,"k":[1,0,0.513725490196,1],"ix":4},"o":{"a":0,"k":100,"ix":5},"r":1,"nm":"Fill 1","mn":"ADBE Vector Graphic - Fill","hd":false},{"ty":"tr","p":{"a":0,"k":[-37.064,-34.564],"ix":2},"a":{"a":0,"k":[0,0],"ix":1},"s":{"a":0,"k":[100,100],"ix":3},"r":{"a":0,"k":0,"ix":6},"o":{"a":0,"k":100,"ix":7},"sk":{"a":0,"k":0,"ix":4},"sa":{"a":0,"k":0,"ix":5},"nm":"Transform"}],"nm":"Ellipse 1","np":3,"cix":2,"ix":1,"mn":"ADBE Vector Group","hd":false}],"ip":9.6,"op":448.8,"st":-1.2,"bm":0},{"ddd":0,"ind":7,"ty":4,"nm":"Shape Layer 1","parent":5,"sr":1,"ks":{"o":{"a":0,"k":100,"ix":11},"r":{"a":1,"k":[{"i":{"x":[0.833],"y":[0.833]},"o":{"x":[0.167],"y":[0.167]},"n":["0p833_0p833_0p167_0p167"],"t":12,"s":[58],"e":[40]},{"t":22.8}],"ix":10},"p":{"a":0,"k":[65.5,56.5,0],"ix":2},"a":{"a":0,"k":[0,0,0],"ix":1},"s":{"a":0,"k":[89,89,100],"ix":6}},"ao":0,"shapes":[{"ty":"gr","it":[{"d":1,"ty":"el","s":{"a":1,"k":[{"i":{"x":[0.833,0.833],"y":[0.833,0.833]},"o":{"x":[0.167,0.167],"y":[0.167,0.167]},"n":["0p833_0p833_0p167_0p167","0p833_0p833_0p167_0p167"],"t":12,"s":[10,10],"e":[0,0]},{"t":22.8}],"ix":2},"p":{"a":0,"k":[0,0],"ix":3},"nm":"Ellipse Path 1","mn":"ADBE Vector Shape - Ellipse","hd":false},{"ty":"fl","c":{"a":0,"k":[1,0,0.513725490196,1],"ix":4},"o":{"a":0,"k":100,"ix":5},"r":1,"nm":"Fill 1","mn":"ADBE Vector Graphic - Fill","hd":false},{"ty":"tr","p":{"a":0,"k":[-37.104,56.396],"ix":2},"a":{"a":0,"k":[0,0],"ix":1},"s":{"a":0,"k":[100,100],"ix":3},"r":{"a":0,"k":0,"ix":6},"o":{"a":0,"k":100,"ix":7},"sk":{"a":0,"k":0,"ix":4},"sa":{"a":0,"k":0,"ix":5},"nm":"Transform"}],"nm":"Ellipse 1","np":3,"cix":2,"ix":1,"mn":"ADBE Vector Group","hd":false}],"ip":12,"op":448.8,"st":-1.2,"bm":0},{"ddd":0,"ind":8,"ty":0,"nm":"Pre-comp 1","parent":5,"refId":"comp_0","sr":1,"ks":{"o":{"a":0,"k":100,"ix":11},"r":{"a":1,"k":[{"i":{"x":[0.833],"y":[0.833]},"o":{"x":[0.167],"y":[0.167]},"n":["0p833_0p833_0p167_0p167"],"t":0,"s":[0],"e":[-120]},{"t":24}],"ix":10},"p":{"a":0,"k":[60,60,0],"ix":2},"a":{"a":0,"k":[100,100,0],"ix":1},"s":{"a":0,"k":[90,90,100],"ix":6}},"ao":0,"w":200,"h":200,"ip":0,"op":450,"st":0,"bm":0},{"ddd":0,"ind":9,"ty":4,"nm":"Blob 3","parent":5,"sr":1,"ks":{"o":{"a":0,"k":100,"ix":11},"r":{"a":0,"k":0,"ix":10},"p":{"a":0,"k":[60,60,0],"ix":2},"a":{"a":0,"k":[0,0,0],"ix":1},"s":{"a":0,"k":[100,100,100],"ix":6}},"ao":0,"shapes":[{"ty":"gr","it":[{"ind":0,"ty":"sh","ix":1,"ks":{"a":1,"k":[{"i":{"x":0.833,"y":0.833},"o":{"x":0.167,"y":0.167},"n":"0p833_0p833_0p167_0p167","t":0,"s":[{"i":[[7.158,-6.404],[-4.041,-15.874],[0,0],[2.308,17.184]],"o":[[-9.5,8.5],[3.5,13.75],[0,0],[-2.25,-16.75]],"v":[[47,-48.75],[57.75,-20.5],[59.25,7.5],[66.75,-25]],"c":true}],"e":[{"i":[[7.158,-6.404],[-5.5,-15.25],[0,0],[3.735,16.932]],"o":[[-9.5,8.5],[4.814,13.347],[0,0],[-3.75,-17]],"v":[[45.25,-50.25],[56.75,-23],[61,4.25],[65.75,-27.5]],"c":true}]},{"i":{"x":0.833,"y":0.833},"o":{"x":0.167,"y":0.167},"n":"0p833_0p833_0p167_0p167","t":1.2,"s":[{"i":[[7.158,-6.404],[-5.5,-15.25],[0,0],[3.735,16.932]],"o":[[-9.5,8.5],[4.814,13.347],[0,0],[-3.75,-17]],"v":[[45.25,-50.25],[56.75,-23],[61,4.25],[65.75,-27.5]],"c":true}],"e":[{"i":[[6.5,-7.5],[-7.75,-17.75],[0,0],[3.735,16.932]],"o":[[-8.349,9.633],[5.677,13.003],[0,0],[-3.75,-17]],"v":[[39.5,-54.25],[55,-26.5],[61.75,0.75],[63.25,-33.25]],"c":true}]},{"i":{"x":0.833,"y":0.833},"o":{"x":0.167,"y":0.167},"n":"0p833_0p833_0p167_0p167","t":2.399,"s":[{"i":[[6.5,-7.5],[-7.75,-17.75],[0,0],[3.735,16.932]],"o":[[-8.349,9.633],[5.677,13.003],[0,0],[-3.75,-17]],"v":[[39.5,-54.25],[55,-26.5],[61.75,0.75],[63.25,-33.25]],"c":true}],"e":[{"i":[[5.75,-9.5],[-10.883,-17.724],[0,0],[7.25,17.25]],"o":[[-6.601,10.906],[8.75,14.25],[0,0],[-7.809,-18.581]],"v":[[32.25,-57.5],[53,-29.75],[62,-3],[62,-37.5]],"c":true}]},{"i":{"x":0.833,"y":0.833},"o":{"x":0.167,"y":0.167},"n":"0p833_0p833_0p167_0p167","t":3.601,"s":[{"i":[[5.75,-9.5],[-10.883,-17.724],[0,0],[7.25,17.25]],"o":[[-6.601,10.906],[8.75,14.25],[0,0],[-7.809,-18.581]],"v":[[32.25,-57.5],[53,-29.75],[62,-3],[62,-37.5]],"c":true}],"e":[{"i":[[3.75,-12],[-12.217,-16.832],[0,0],[11.75,18.75]],"o":[[-3.802,12.167],[11.25,15.5],[0,0],[-10.703,-17.079]],"v":[[22.25,-60.75],[48,-37.25],[62.25,-7.25],[55.25,-45.5]],"c":true}]},{"i":{"x":0.833,"y":0.833},"o":{"x":0.167,"y":0.167},"n":"0p833_0p833_0p167_0p167","t":4.801,"s":[{"i":[[3.75,-12],[-12.217,-16.832],[0,0],[11.75,18.75]],"o":[[-3.802,12.167],[11.25,15.5],[0,0],[-10.703,-17.079]],"v":[[22.25,-60.75],[48,-37.25],[62.25,-7.25],[55.25,-45.5]],"c":true}],"e":[{"i":[[1.5,-13.25],[-18,-16.25],[0,0],[13.735,17.349]],"o":[[-1.434,12.667],[14.216,12.834],[0,0],[-14.25,-18]],"v":[[10.75,-61.25],[47.25,-40.25],[62.75,-13.25],[50.75,-49.75]],"c":true}]},{"i":{"x":0.833,"y":0.833},"o":{"x":0.167,"y":0.167},"n":"0p833_0p833_0p167_0p167","t":6,"s":[{"i":[[1.5,-13.25],[-18,-16.25],[0,0],[13.735,17.349]],"o":[[-1.434,12.667],[14.216,12.834],[0,0],[-14.25,-18]],"v":[[10.75,-61.25],[47.25,-40.25],[62.75,-13.25],[50.75,-49.75]],"c":true}],"e":[{"i":[[-1.75,-13.5],[-20,-15.25],[0,0],[19.654,18.999]],"o":[[1.639,12.642],[21.025,16.032],[0,0],[-15,-14.5]],"v":[[-3.75,-60.25],[38.5,-47.5],[61.25,-22.5],[40.75,-59.5]],"c":true}]},{"i":{"x":0.833,"y":0.833},"o":{"x":0.167,"y":0.167},"n":"0p833_0p833_0p167_0p167","t":7.2,"s":[{"i":[[-1.75,-13.5],[-20,-15.25],[0,0],[19.654,18.999]],"o":[[1.639,12.642],[21.025,16.032],[0,0],[-15,-14.5]],"v":[[-3.75,-60.25],[38.5,-47.5],[61.25,-22.5],[40.75,-59.5]],"c":true}],"e":[{"i":[[-6.75,-13],[-22.308,-3.803],[0,0],[25.933,8.644]],"o":[[5.874,11.313],[22,3.75],[0,0],[-24.75,-8.25]],"v":[[-21.5,-54],[22,-56.25],[55.25,-36.75],[26,-64]],"c":true}]},{"i":{"x":0.833,"y":0.833},"o":{"x":0.167,"y":0.167},"n":"0p833_0p833_0p167_0p167","t":8.399,"s":[{"i":[[-6.75,-13],[-22.308,-3.803],[0,0],[25.933,8.644]],"o":[[5.874,11.313],[22,3.75],[0,0],[-24.75,-8.25]],"v":[[-21.5,-54],[22,-56.25],[55.25,-36.75],[26,-64]],"c":true}],"e":[{"i":[[-6.166,-8.222],[-25.5,8],[0,0],[33,-7]],"o":[[7.5,10],[25.283,-7.932],[0,0],[-25.568,5.423]],"v":[[-43.25,-37.25],[-3.25,-54.75],[40.75,-52],[-9.5,-63.25]],"c":true}]},{"i":{"x":0.833,"y":0.833},"o":{"x":0.167,"y":0.167},"n":"0p833_0p833_0p167_0p167","t":9.601,"s":[{"i":[[-6.166,-8.222],[-25.5,8],[0,0],[33,-7]],"o":[[7.5,10],[25.283,-7.932],[0,0],[-25.568,5.423]],"v":[[-43.25,-37.25],[-3.25,-54.75],[40.75,-52],[-9.5,-63.25]],"c":true}],"e":[{"i":[[-14.632,-2.27],[-15.468,21.092],[0,0],[34.392,-21.742]],"o":[[14.5,2.25],[13.75,-18.75],[0,0],[-21.75,13.75]],"v":[[-59.75,-5.5],[-34.25,-38.25],[9.75,-61.75],[-41.5,-46.75]],"c":true}]},{"i":{"x":0.833,"y":0.833},"o":{"x":0.167,"y":0.167},"n":"0p833_0p833_0p167_0p167","t":10.801,"s":[{"i":[[-14.632,-2.27],[-15.468,21.092],[0,0],[34.392,-21.742]],"o":[[14.5,2.25],[13.75,-18.75],[0,0],[-21.75,13.75]],"v":[[-59.75,-5.5],[-34.25,-38.25],[9.75,-61.75],[-41.5,-46.75]],"c":true}],"e":[{"i":[[-12.273,8.284],[-3.708,21.756],[0,0],[10.5,-22]],"o":[[10,-6.75],[3.75,-22],[0,0],[-11.083,23.222]],"v":[[-52,40.75],[-54.5,-0.5],[-34.5,-45.5],[-63.75,-7.25]],"c":true}]},{"i":{"x":0.833,"y":0.833},"o":{"x":0.167,"y":0.167},"n":"0p833_0p833_0p167_0p167","t":12,"s":[{"i":[[-12.273,8.284],[-3.708,21.756],[0,0],[10.5,-22]],"o":[[10,-6.75],[3.75,-22],[0,0],[-11.083,23.222]],"v":[[-52,40.75],[-54.5,-0.5],[-34.5,-45.5],[-63.75,-7.25]],"c":true}],"e":[{"i":[[-1.114,14.765],[14.236,16.864],[0,0],[-11.306,-26.583]],"o":[[1,-13.25],[-16.25,-19.25],[0,0],[9.25,21.75]],"v":[[-7.5,62.25],[-42.75,42.5],[-60.5,0],[-56.5,42.75]],"c":true}]},{"i":{"x":0.833,"y":0.833},"o":{"x":0.167,"y":0.167},"n":"0p833_0p833_0p167_0p167","t":13.2,"s":[{"i":[[-1.114,14.765],[14.236,16.864],[0,0],[-11.306,-26.583]],"o":[[1,-13.25],[-16.25,-19.25],[0,0],[9.25,21.75]],"v":[[-7.5,62.25],[-42.75,42.5],[-60.5,0],[-56.5,42.75]],"c":true}],"e":[{"i":[[8.521,12.109],[21.979,1.998],[0,0],[-24.25,-3.25]],"o":[[-9.5,-13.5],[-19.25,-1.75],[0,0],[24.36,3.265]],"v":[[29.75,48.5],[-15.25,57.75],[-51.75,41.5],[-18,67]],"c":true}]},{"i":{"x":0.833,"y":0.833},"o":{"x":0.167,"y":0.167},"n":"0p833_0p833_0p167_0p167","t":14.399,"s":[{"i":[[8.521,12.109],[21.979,1.998],[0,0],[-24.25,-3.25]],"o":[[-9.5,-13.5],[-19.25,-1.75],[0,0],[24.36,3.265]],"v":[[29.75,48.5],[-15.25,57.75],[-51.75,41.5],[-18,67]],"c":true}],"e":[{"i":[[13.092,6.917],[20.853,-7.226],[0,0],[-34.386,7.444]],"o":[[-13.25,-7],[-25.25,8.75],[0,0],[24.25,-5.25]],"v":[[51,27],[15.5,51.5],[-25.5,60],[19.75,61]],"c":true}]},{"i":{"x":0.833,"y":0.833},"o":{"x":0.167,"y":0.167},"n":"0p833_0p833_0p167_0p167","t":15.601,"s":[{"i":[[13.092,6.917],[20.853,-7.226],[0,0],[-34.386,7.444]],"o":[[-13.25,-7],[-25.25,8.75],[0,0],[24.25,-5.25]],"v":[[51,27],[15.5,51.5],[-25.5,60],[19.75,61]],"c":true}],"e":[{"i":[[14.106,4.502],[16,-17.75],[0,0],[-15,13.75]],"o":[[-11.75,-3.75],[-17.892,19.849],[0,0],[12.87,-11.797]],"v":[[59.75,6.75],[36.125,35.25],[2,60.5],[47,42.5]],"c":true}]},{"i":{"x":0.833,"y":0.833},"o":{"x":0.167,"y":0.167},"n":"0p833_0p833_0p167_0p167","t":16.801,"s":[{"i":[[14.106,4.502],[16,-17.75],[0,0],[-15,13.75]],"o":[[-11.75,-3.75],[-17.892,19.849],[0,0],[12.87,-11.797]],"v":[[59.75,6.75],[36.125,35.25],[2,60.5],[47,42.5]],"c":true}],"e":[{"i":[[11.25,1.25],[8.125,-17.75],[0,0],[-11.5,16.5]],"o":[[-9,-1],[-9.217,20.135],[0,0],[11.699,-16.786]],"v":[[62,-8.75],[46.625,21.5],[22,54],[57.25,28.75]],"c":true}]},{"i":{"x":0.833,"y":0.833},"o":{"x":0.167,"y":0.167},"n":"0p833_0p833_0p167_0p167","t":18,"s":[{"i":[[11.25,1.25],[8.125,-17.75],[0,0],[-11.5,16.5]],"o":[[-9,-1],[-9.217,20.135],[0,0],[11.699,-16.786]],"v":[[62,-8.75],[46.625,21.5],[22,54],[57.25,28.75]],"c":true}],"e":[{"i":[[11.288,-0.847],[2.904,-16.666],[0,0],[-7.25,19]],"o":[[-10,0.75],[-2.875,16.5],[0,0],[5.95,-15.594]],"v":[[61,-21],[53.125,8.5],[37.25,42.75],[64.5,10.75]],"c":true}]},{"i":{"x":0.833,"y":0.833},"o":{"x":0.167,"y":0.167},"n":"0p833_0p833_0p167_0p167","t":19.2,"s":[{"i":[[11.288,-0.847],[2.904,-16.666],[0,0],[-7.25,19]],"o":[[-10,0.75],[-2.875,16.5],[0,0],[5.95,-15.594]],"v":[[61,-21],[53.125,8.5],[37.25,42.75],[64.5,10.75]],"c":true}],"e":[{"i":[[7.559,-3.672],[1.875,-18.25],[0,0],[-4.16,19.906]],"o":[[-8.75,4.25],[-1.712,16.661],[0,0],[3.5,-16.75]],"v":[[58.75,-31.5],[55.375,-2],[47.75,32.5],[67.5,-2.75]],"c":true}]},{"i":{"x":0.833,"y":0.833},"o":{"x":0.167,"y":0.167},"n":"0p833_0p833_0p167_0p167","t":20.399,"s":[{"i":[[7.559,-3.672],[1.875,-18.25],[0,0],[-4.16,19.906]],"o":[[-8.75,4.25],[-1.712,16.661],[0,0],[3.5,-16.75]],"v":[[58.75,-31.5],[55.375,-2],[47.75,32.5],[67.5,-2.75]],"c":true}],"e":[{"i":[[7.604,-3.578],[-3.375,-20],[0,0],[1.875,20.25]],"o":[[-8.5,4],[2.787,16.515],[0,0],[-1.25,-13.5]],"v":[[54.75,-38.25],[55.625,-9.25],[54.5,21.75],[67,-16.75]],"c":true}]},{"i":{"x":0.833,"y":0.833},"o":{"x":0.167,"y":0.167},"n":"0p833_0p833_0p167_0p167","t":21.601,"s":[{"i":[[7.604,-3.578],[-3.375,-20],[0,0],[1.875,20.25]],"o":[[-8.5,4],[2.787,16.515],[0,0],[-1.25,-13.5]],"v":[[54.75,-38.25],[55.625,-9.25],[54.5,21.75],[67,-16.75]],"c":true}],"e":[{"i":[[8,-6],[-4.625,-20.5],[0,0],[0,19.5]],"o":[[-7.515,5.636],[3.686,16.338],[0,0],[0,-13.558]],"v":[[50.75,-43.5],[56.875,-17],[58,13.5],[66.75,-20]],"c":true}]},{"i":{"x":0.833,"y":0.833},"o":{"x":0.167,"y":0.167},"n":"0p833_0p833_0p167_0p167","t":22.801,"s":[{"i":[[8,-6],[-4.625,-20.5],[0,0],[0,19.5]],"o":[[-7.515,5.636],[3.686,16.338],[0,0],[0,-13.558]],"v":[[50.75,-43.5],[56.875,-17],[58,13.5],[66.75,-20]],"c":true}],"e":[{"i":[[7.158,-6.404],[-4.041,-15.874],[0,0],[2.308,17.184]],"o":[[-9.5,8.5],[3.5,13.75],[0,0],[-2.25,-16.75]],"v":[[47,-48.75],[57.75,-20.5],[59.25,7.5],[66.75,-25]],"c":true}]},{"t":24}],"ix":2},"nm":"Path 1","mn":"ADBE Vector Shape - Group","hd":false},{"ty":"fl","c":{"a":0,"k":[1,0,0.513725490196,1],"ix":4},"o":{"a":0,"k":100,"ix":5},"r":1,"nm":"Fill 1","mn":"ADBE Vector Graphic - Fill","hd":false},{"ty":"tr","p":{"a":0,"k":[0,0],"ix":2},"a":{"a":0,"k":[0,0],"ix":1},"s":{"a":0,"k":[100,100],"ix":3},"r":{"a":0,"k":0,"ix":6},"o":{"a":0,"k":100,"ix":7},"sk":{"a":0,"k":0,"ix":4},"sa":{"a":0,"k":0,"ix":5},"nm":"Transform"}],"nm":"Shape 1","np":3,"cix":2,"ix":1,"mn":"ADBE Vector Group","hd":false}],"ip":0,"op":450,"st":0,"bm":0},{"ddd":0,"ind":10,"ty":4,"nm":"Black Blob","parent":5,"sr":1,"ks":{"o":{"a":0,"k":100,"ix":11},"r":{"a":0,"k":54,"ix":10},"p":{"a":0,"k":[66,55,0],"ix":2},"a":{"a":0,"k":[0,0,0],"ix":1},"s":{"a":0,"k":[-60,-80,100],"ix":6}},"ao":0,"shapes":[{"ty":"gr","it":[{"ind":0,"ty":"sh","ix":1,"ks":{"a":1,"k":[{"i":{"x":0.833,"y":0.833},"o":{"x":0.167,"y":0.167},"n":"0p833_0p833_0p167_0p167","t":0,"s":[{"i":[[7.158,-6.404],[-4.041,-15.874],[0,0],[2.308,17.184]],"o":[[-9.5,8.5],[3.5,13.75],[0,0],[-2.25,-16.75]],"v":[[47,-48.75],[57.75,-20.5],[59.25,7.5],[66.75,-25]],"c":true}],"e":[{"i":[[7.158,-6.404],[-5.5,-15.25],[0,0],[3.735,16.932]],"o":[[-9.5,8.5],[4.814,13.347],[0,0],[-3.75,-17]],"v":[[45.25,-50.25],[56.75,-23],[61,4.25],[65.75,-27.5]],"c":true}]},{"i":{"x":0.833,"y":0.833},"o":{"x":0.167,"y":0.167},"n":"0p833_0p833_0p167_0p167","t":1.2,"s":[{"i":[[7.158,-6.404],[-5.5,-15.25],[0,0],[3.735,16.932]],"o":[[-9.5,8.5],[4.814,13.347],[0,0],[-3.75,-17]],"v":[[45.25,-50.25],[56.75,-23],[61,4.25],[65.75,-27.5]],"c":true}],"e":[{"i":[[6.5,-7.5],[-7.75,-17.75],[0,0],[3.735,16.932]],"o":[[-8.349,9.633],[5.677,13.003],[0,0],[-3.75,-17]],"v":[[39.5,-54.25],[55,-26.5],[61.75,0.75],[63.25,-33.25]],"c":true}]},{"i":{"x":0.833,"y":0.833},"o":{"x":0.167,"y":0.167},"n":"0p833_0p833_0p167_0p167","t":2.399,"s":[{"i":[[6.5,-7.5],[-7.75,-17.75],[0,0],[3.735,16.932]],"o":[[-8.349,9.633],[5.677,13.003],[0,0],[-3.75,-17]],"v":[[39.5,-54.25],[55,-26.5],[61.75,0.75],[63.25,-33.25]],"c":true}],"e":[{"i":[[5.75,-9.5],[-10.883,-17.724],[0,0],[7.25,17.25]],"o":[[-6.601,10.906],[8.75,14.25],[0,0],[-7.809,-18.581]],"v":[[32.25,-57.5],[53,-29.75],[62,-3],[62,-37.5]],"c":true}]},{"i":{"x":0.833,"y":0.833},"o":{"x":0.167,"y":0.167},"n":"0p833_0p833_0p167_0p167","t":3.601,"s":[{"i":[[5.75,-9.5],[-10.883,-17.724],[0,0],[7.25,17.25]],"o":[[-6.601,10.906],[8.75,14.25],[0,0],[-7.809,-18.581]],"v":[[32.25,-57.5],[53,-29.75],[62,-3],[62,-37.5]],"c":true}],"e":[{"i":[[3.75,-12],[-12.217,-16.832],[0,0],[11.75,18.75]],"o":[[-3.802,12.167],[11.25,15.5],[0,0],[-10.703,-17.079]],"v":[[22.25,-60.75],[48,-37.25],[62.25,-7.25],[55.25,-45.5]],"c":true}]},{"i":{"x":0.833,"y":0.833},"o":{"x":0.167,"y":0.167},"n":"0p833_0p833_0p167_0p167","t":4.801,"s":[{"i":[[3.75,-12],[-12.217,-16.832],[0,0],[11.75,18.75]],"o":[[-3.802,12.167],[11.25,15.5],[0,0],[-10.703,-17.079]],"v":[[22.25,-60.75],[48,-37.25],[62.25,-7.25],[55.25,-45.5]],"c":true}],"e":[{"i":[[1.5,-13.25],[-18,-16.25],[0,0],[13.735,17.349]],"o":[[-1.434,12.667],[14.216,12.834],[0,0],[-14.25,-18]],"v":[[10.75,-61.25],[47.25,-40.25],[62.75,-13.25],[50.75,-49.75]],"c":true}]},{"i":{"x":0.833,"y":0.833},"o":{"x":0.167,"y":0.167},"n":"0p833_0p833_0p167_0p167","t":6,"s":[{"i":[[1.5,-13.25],[-18,-16.25],[0,0],[13.735,17.349]],"o":[[-1.434,12.667],[14.216,12.834],[0,0],[-14.25,-18]],"v":[[10.75,-61.25],[47.25,-40.25],[62.75,-13.25],[50.75,-49.75]],"c":true}],"e":[{"i":[[-1.75,-13.5],[-20,-15.25],[0,0],[19.654,18.999]],"o":[[1.639,12.642],[21.025,16.032],[0,0],[-15,-14.5]],"v":[[-3.75,-60.25],[38.5,-47.5],[61.25,-22.5],[40.75,-59.5]],"c":true}]},{"i":{"x":0.833,"y":0.833},"o":{"x":0.167,"y":0.167},"n":"0p833_0p833_0p167_0p167","t":7.2,"s":[{"i":[[-1.75,-13.5],[-20,-15.25],[0,0],[19.654,18.999]],"o":[[1.639,12.642],[21.025,16.032],[0,0],[-15,-14.5]],"v":[[-3.75,-60.25],[38.5,-47.5],[61.25,-22.5],[40.75,-59.5]],"c":true}],"e":[{"i":[[-6.75,-13],[-22.308,-3.803],[0,0],[25.933,8.644]],"o":[[5.874,11.313],[22,3.75],[0,0],[-24.75,-8.25]],"v":[[-21.5,-54],[22,-56.25],[55.25,-36.75],[26,-64]],"c":true}]},{"i":{"x":0.833,"y":0.833},"o":{"x":0.167,"y":0.167},"n":"0p833_0p833_0p167_0p167","t":8.399,"s":[{"i":[[-6.75,-13],[-22.308,-3.803],[0,0],[25.933,8.644]],"o":[[5.874,11.313],[22,3.75],[0,0],[-24.75,-8.25]],"v":[[-21.5,-54],[22,-56.25],[55.25,-36.75],[26,-64]],"c":true}],"e":[{"i":[[-6.166,-8.222],[-25.5,8],[0,0],[33,-7]],"o":[[7.5,10],[25.283,-7.932],[0,0],[-25.568,5.423]],"v":[[-43.25,-37.25],[-3.25,-54.75],[40.75,-52],[-9.5,-63.25]],"c":true}]},{"i":{"x":0.833,"y":0.833},"o":{"x":0.167,"y":0.167},"n":"0p833_0p833_0p167_0p167","t":9.601,"s":[{"i":[[-6.166,-8.222],[-25.5,8],[0,0],[33,-7]],"o":[[7.5,10],[25.283,-7.932],[0,0],[-25.568,5.423]],"v":[[-43.25,-37.25],[-3.25,-54.75],[40.75,-52],[-9.5,-63.25]],"c":true}],"e":[{"i":[[-14.632,-2.27],[-15.468,21.092],[0,0],[34.392,-21.742]],"o":[[14.5,2.25],[13.75,-18.75],[0,0],[-21.75,13.75]],"v":[[-59.75,-5.5],[-34.25,-38.25],[9.75,-61.75],[-41.5,-46.75]],"c":true}]},{"i":{"x":0.833,"y":0.833},"o":{"x":0.167,"y":0.167},"n":"0p833_0p833_0p167_0p167","t":10.801,"s":[{"i":[[-14.632,-2.27],[-15.468,21.092],[0,0],[34.392,-21.742]],"o":[[14.5,2.25],[13.75,-18.75],[0,0],[-21.75,13.75]],"v":[[-59.75,-5.5],[-34.25,-38.25],[9.75,-61.75],[-41.5,-46.75]],"c":true}],"e":[{"i":[[-12.273,8.284],[-3.708,21.756],[0,0],[10.5,-22]],"o":[[10,-6.75],[3.75,-22],[0,0],[-11.083,23.222]],"v":[[-52,40.75],[-54.5,-0.5],[-34.5,-45.5],[-63.75,-7.25]],"c":true}]},{"i":{"x":0.833,"y":0.833},"o":{"x":0.167,"y":0.167},"n":"0p833_0p833_0p167_0p167","t":12,"s":[{"i":[[-12.273,8.284],[-3.708,21.756],[0,0],[10.5,-22]],"o":[[10,-6.75],[3.75,-22],[0,0],[-11.083,23.222]],"v":[[-52,40.75],[-54.5,-0.5],[-34.5,-45.5],[-63.75,-7.25]],"c":true}],"e":[{"i":[[-1.114,14.765],[14.236,16.864],[0,0],[-11.306,-26.583]],"o":[[1,-13.25],[-16.25,-19.25],[0,0],[9.25,21.75]],"v":[[-7.5,62.25],[-42.75,42.5],[-60.5,0],[-56.5,42.75]],"c":true}]},{"i":{"x":0.833,"y":0.833},"o":{"x":0.167,"y":0.167},"n":"0p833_0p833_0p167_0p167","t":13.2,"s":[{"i":[[-1.114,14.765],[14.236,16.864],[0,0],[-11.306,-26.583]],"o":[[1,-13.25],[-16.25,-19.25],[0,0],[9.25,21.75]],"v":[[-7.5,62.25],[-42.75,42.5],[-60.5,0],[-56.5,42.75]],"c":true}],"e":[{"i":[[8.521,12.109],[21.979,1.998],[0,0],[-24.25,-3.25]],"o":[[-9.5,-13.5],[-19.25,-1.75],[0,0],[24.36,3.265]],"v":[[29.75,48.5],[-15.25,57.75],[-51.75,41.5],[-18,67]],"c":true}]},{"i":{"x":0.833,"y":0.833},"o":{"x":0.167,"y":0.167},"n":"0p833_0p833_0p167_0p167","t":14.399,"s":[{"i":[[8.521,12.109],[21.979,1.998],[0,0],[-24.25,-3.25]],"o":[[-9.5,-13.5],[-19.25,-1.75],[0,0],[24.36,3.265]],"v":[[29.75,48.5],[-15.25,57.75],[-51.75,41.5],[-18,67]],"c":true}],"e":[{"i":[[13.092,6.917],[20.853,-7.226],[0,0],[-34.386,7.444]],"o":[[-13.25,-7],[-25.25,8.75],[0,0],[24.25,-5.25]],"v":[[51,27],[15.5,51.5],[-25.5,60],[19.75,61]],"c":true}]},{"i":{"x":0.833,"y":0.833},"o":{"x":0.167,"y":0.167},"n":"0p833_0p833_0p167_0p167","t":15.601,"s":[{"i":[[13.092,6.917],[20.853,-7.226],[0,0],[-34.386,7.444]],"o":[[-13.25,-7],[-25.25,8.75],[0,0],[24.25,-5.25]],"v":[[51,27],[15.5,51.5],[-25.5,60],[19.75,61]],"c":true}],"e":[{"i":[[14.106,4.502],[16,-17.75],[0,0],[-15,13.75]],"o":[[-11.75,-3.75],[-17.892,19.849],[0,0],[12.87,-11.797]],"v":[[59.75,6.75],[36.125,35.25],[2,60.5],[47,42.5]],"c":true}]},{"i":{"x":0.833,"y":0.833},"o":{"x":0.167,"y":0.167},"n":"0p833_0p833_0p167_0p167","t":16.801,"s":[{"i":[[14.106,4.502],[16,-17.75],[0,0],[-15,13.75]],"o":[[-11.75,-3.75],[-17.892,19.849],[0,0],[12.87,-11.797]],"v":[[59.75,6.75],[36.125,35.25],[2,60.5],[47,42.5]],"c":true}],"e":[{"i":[[11.25,1.25],[8.125,-17.75],[0,0],[-11.5,16.5]],"o":[[-9,-1],[-9.217,20.135],[0,0],[11.699,-16.786]],"v":[[62,-8.75],[46.625,21.5],[22,54],[57.25,28.75]],"c":true}]},{"i":{"x":0.833,"y":0.833},"o":{"x":0.167,"y":0.167},"n":"0p833_0p833_0p167_0p167","t":18,"s":[{"i":[[11.25,1.25],[8.125,-17.75],[0,0],[-11.5,16.5]],"o":[[-9,-1],[-9.217,20.135],[0,0],[11.699,-16.786]],"v":[[62,-8.75],[46.625,21.5],[22,54],[57.25,28.75]],"c":true}],"e":[{"i":[[11.288,-0.847],[2.904,-16.666],[0,0],[-7.25,19]],"o":[[-10,0.75],[-2.875,16.5],[0,0],[5.95,-15.594]],"v":[[61,-21],[53.125,8.5],[37.25,42.75],[64.5,10.75]],"c":true}]},{"i":{"x":0.833,"y":0.833},"o":{"x":0.167,"y":0.167},"n":"0p833_0p833_0p167_0p167","t":19.2,"s":[{"i":[[11.288,-0.847],[2.904,-16.666],[0,0],[-7.25,19]],"o":[[-10,0.75],[-2.875,16.5],[0,0],[5.95,-15.594]],"v":[[61,-21],[53.125,8.5],[37.25,42.75],[64.5,10.75]],"c":true}],"e":[{"i":[[7.559,-3.672],[1.875,-18.25],[0,0],[-4.16,19.906]],"o":[[-8.75,4.25],[-1.712,16.661],[0,0],[3.5,-16.75]],"v":[[58.75,-31.5],[55.375,-2],[47.75,32.5],[67.5,-2.75]],"c":true}]},{"i":{"x":0.833,"y":0.833},"o":{"x":0.167,"y":0.167},"n":"0p833_0p833_0p167_0p167","t":20.399,"s":[{"i":[[7.559,-3.672],[1.875,-18.25],[0,0],[-4.16,19.906]],"o":[[-8.75,4.25],[-1.712,16.661],[0,0],[3.5,-16.75]],"v":[[58.75,-31.5],[55.375,-2],[47.75,32.5],[67.5,-2.75]],"c":true}],"e":[{"i":[[7.604,-3.578],[-3.375,-20],[0,0],[1.875,20.25]],"o":[[-8.5,4],[2.787,16.515],[0,0],[-1.25,-13.5]],"v":[[54.75,-38.25],[55.625,-9.25],[54.5,21.75],[67,-16.75]],"c":true}]},{"i":{"x":0.833,"y":0.833},"o":{"x":0.167,"y":0.167},"n":"0p833_0p833_0p167_0p167","t":21.601,"s":[{"i":[[7.604,-3.578],[-3.375,-20],[0,0],[1.875,20.25]],"o":[[-8.5,4],[2.787,16.515],[0,0],[-1.25,-13.5]],"v":[[54.75,-38.25],[55.625,-9.25],[54.5,21.75],[67,-16.75]],"c":true}],"e":[{"i":[[8,-6],[-4.625,-20.5],[0,0],[0,19.5]],"o":[[-7.515,5.636],[3.686,16.338],[0,0],[0,-13.558]],"v":[[50.75,-43.5],[56.875,-17],[58,13.5],[66.75,-20]],"c":true}]},{"i":{"x":0.833,"y":0.833},"o":{"x":0.167,"y":0.167},"n":"0p833_0p833_0p167_0p167","t":22.801,"s":[{"i":[[8,-6],[-4.625,-20.5],[0,0],[0,19.5]],"o":[[-7.515,5.636],[3.686,16.338],[0,0],[0,-13.558]],"v":[[50.75,-43.5],[56.875,-17],[58,13.5],[66.75,-20]],"c":true}],"e":[{"i":[[7.158,-6.404],[-4.041,-15.874],[0,0],[2.308,17.184]],"o":[[-9.5,8.5],[3.5,13.75],[0,0],[-2.25,-16.75]],"v":[[47,-48.75],[57.75,-20.5],[59.25,7.5],[66.75,-25]],"c":true}]},{"t":24}],"ix":2},"nm":"Path 1","mn":"ADBE Vector Shape - Group","hd":false},{"ty":"fl","c":{"a":0,"k":[1,0,0.513725490196,1],"ix":4},"o":{"a":0,"k":100,"ix":5},"r":1,"nm":"Fill 1","mn":"ADBE Vector Graphic - Fill","hd":false},{"ty":"tr","p":{"a":0,"k":[0,0],"ix":2},"a":{"a":0,"k":[0,0],"ix":1},"s":{"a":0,"k":[80,100],"ix":3},"r":{"a":0,"k":0,"ix":6},"o":{"a":0,"k":100,"ix":7},"sk":{"a":0,"k":0,"ix":4},"sa":{"a":0,"k":0,"ix":5},"nm":"Transform"}],"nm":"Shape 1","np":3,"cix":2,"ix":1,"mn":"ADBE Vector Group","hd":false}],"ip":0,"op":22,"st":0,"bm":0},{"ddd":0,"ind":11,"ty":4,"nm":"Black Bubble","parent":5,"sr":1,"ks":{"o":{"a":0,"k":100,"ix":11},"r":{"a":1,"k":[{"i":{"x":[0.667],"y":[1]},"o":{"x":[0.167],"y":[0.167]},"n":["0p667_1_0p167_0p167"],"t":0,"s":[0],"e":[20]},{"t":12}],"ix":10},"p":{"a":0,"k":[66,52,0],"ix":2},"a":{"a":0,"k":[0,0,0],"ix":1},"s":{"a":0,"k":[100,100,100],"ix":6}},"ao":0,"shapes":[{"ty":"gr","it":[{"d":1,"ty":"el","s":{"a":1,"k":[{"i":{"x":[0.667,0.667],"y":[1,1]},"o":{"x":[0.167,0.167],"y":[0.167,0.167]},"n":["0p667_1_0p167_0p167","0p667_1_0p167_0p167"],"t":0,"s":[10,10],"e":[0,0]},{"t":12}],"ix":2},"p":{"a":0,"k":[0,0],"ix":3},"nm":"Ellipse Path 1","mn":"ADBE Vector Shape - Ellipse","hd":false},{"ty":"fl","c":{"a":0,"k":[1,0,0.513725490196,1],"ix":4},"o":{"a":0,"k":100,"ix":5},"r":1,"nm":"Fill 1","mn":"ADBE Vector Graphic - Fill","hd":false},{"ty":"tr","p":{"a":0,"k":[-42.708,3.292],"ix":2},"a":{"a":0,"k":[0,0],"ix":1},"s":{"a":0,"k":[100,100],"ix":3},"r":{"a":0,"k":0,"ix":6},"o":{"a":0,"k":100,"ix":7},"sk":{"a":0,"k":0,"ix":4},"sa":{"a":0,"k":0,"ix":5},"nm":"Transform"}],"nm":"Ellipse 1","np":3,"cix":2,"ix":1,"mn":"ADBE Vector Group","hd":false}],"ip":0,"op":450,"st":0,"bm":0}],"markers":[]}