{"v":"5.1.1","fr":42,"ip":0,"op":144,"w":380,"h":340,"nm":"Comp 1","ddd":0,"assets":[{"id":"comp_0","layers":[{"ddd":0,"ind":1,"ty":4,"nm":"Shape Layer 5","sr":1,"ks":{"o":{"a":0,"k":100,"ix":11},"r":{"a":0,"k":120,"ix":10},"p":{"a":0,"k":[157.375,125.25,0],"ix":2},"a":{"a":0,"k":[-29.75,-44.75,0],"ix":1},"s":{"a":0,"k":[100,100,100],"ix":6}},"ao":0,"shapes":[{"ty":"gr","it":[{"ind":0,"ty":"sh","ix":1,"ks":{"a":0,"k":{"i":[[-4.418,0],[0,-4.418],[2.552,0.079],[0,4.418]],"o":[[4.418,0],[0,4.418],[-2.322,-0.072],[0,-4.418]],"v":[[0,-8],[8,0],[0,16.5],[-8,0]],"c":true},"ix":2},"nm":"Path 1","mn":"ADBE Vector Shape - Group","hd":false},{"ty":"fl","c":{"a":0,"k":[0.925490196078,0.925490196078,0.925490196078,1],"ix":4},"o":{"a":0,"k":100,"ix":5},"r":1,"nm":"Fill 1","mn":"ADBE Vector Graphic - Fill","hd":false},{"ty":"tr","p":{"a":0,"k":[-29.678,-44.675],"ix":2},"a":{"a":0,"k":[0,25.003],"ix":1},"s":{"a":0,"k":[100,100],"ix":3},"r":{"a":0,"k":0,"ix":6},"o":{"a":0,"k":100,"ix":7},"sk":{"a":0,"k":0,"ix":4},"sa":{"a":0,"k":0,"ix":5},"nm":"Transform"}],"nm":"Ellipse 1","np":2,"cix":2,"ix":1,"mn":"ADBE Vector Group","hd":false}],"ip":0,"op":1092,"st":0,"bm":0},{"ddd":0,"ind":2,"ty":4,"nm":"Shape Layer 4","sr":1,"ks":{"o":{"a":0,"k":100,"ix":11},"r":{"a":0,"k":63,"ix":10},"p":{"a":0,"k":[157.375,125.25,0],"ix":2},"a":{"a":0,"k":[-29.75,-44.75,0],"ix":1},"s":{"a":0,"k":[100,100,100],"ix":6}},"ao":0,"shapes":[{"ty":"gr","it":[{"ind":0,"ty":"sh","ix":1,"ks":{"a":0,"k":{"i":[[-4.418,0],[0,-4.418],[2.552,0.079],[0,4.418]],"o":[[4.418,0],[0,4.418],[-2.322,-0.072],[0,-4.418]],"v":[[0,-8],[8,0],[0,16.5],[-8,0]],"c":true},"ix":2},"nm":"Path 1","mn":"ADBE Vector Shape - Group","hd":false},{"ty":"fl","c":{"a":0,"k":[0.925490196078,0.925490196078,0.925490196078,1],"ix":4},"o":{"a":0,"k":100,"ix":5},"r":1,"nm":"Fill 1","mn":"ADBE Vector Graphic - Fill","hd":false},{"ty":"tr","p":{"a":0,"k":[-29.678,-44.675],"ix":2},"a":{"a":0,"k":[0,25.003],"ix":1},"s":{"a":0,"k":[100,100],"ix":3},"r":{"a":0,"k":0,"ix":6},"o":{"a":0,"k":100,"ix":7},"sk":{"a":0,"k":0,"ix":4},"sa":{"a":0,"k":0,"ix":5},"nm":"Transform"}],"nm":"Ellipse 1","np":2,"cix":2,"ix":1,"mn":"ADBE Vector Group","hd":false}],"ip":0,"op":1092,"st":0,"bm":0},{"ddd":0,"ind":3,"ty":4,"nm":"Shape Layer 3","sr":1,"ks":{"o":{"a":0,"k":100,"ix":11},"r":{"a":0,"k":-62,"ix":10},"p":{"a":0,"k":[157.375,125.25,0],"ix":2},"a":{"a":0,"k":[-29.75,-44.75,0],"ix":1},"s":{"a":0,"k":[100,100,100],"ix":6}},"ao":0,"shapes":[{"ty":"gr","it":[{"ind":0,"ty":"sh","ix":1,"ks":{"a":0,"k":{"i":[[-4.418,0],[0,-4.418],[2.552,0.079],[0,4.418]],"o":[[4.418,0],[0,4.418],[-2.322,-0.072],[0,-4.418]],"v":[[0,-8],[8,0],[0,16.5],[-8,0]],"c":true},"ix":2},"nm":"Path 1","mn":"ADBE Vector Shape - Group","hd":false},{"ty":"fl","c":{"a":0,"k":[0.925490196078,0.925490196078,0.925490196078,1],"ix":4},"o":{"a":0,"k":100,"ix":5},"r":1,"nm":"Fill 1","mn":"ADBE Vector Graphic - Fill","hd":false},{"ty":"tr","p":{"a":0,"k":[-29.678,-44.675],"ix":2},"a":{"a":0,"k":[0,25.003],"ix":1},"s":{"a":0,"k":[100,100],"ix":3},"r":{"a":0,"k":0,"ix":6},"o":{"a":0,"k":100,"ix":7},"sk":{"a":0,"k":0,"ix":4},"sa":{"a":0,"k":0,"ix":5},"nm":"Transform"}],"nm":"Ellipse 1","np":2,"cix":2,"ix":1,"mn":"ADBE Vector Group","hd":false}],"ip":0,"op":1092,"st":0,"bm":0},{"ddd":0,"ind":4,"ty":4,"nm":"Shape Layer 2","sr":1,"ks":{"o":{"a":0,"k":100,"ix":11},"r":{"a":0,"k":0,"ix":10},"p":{"a":0,"k":[157.375,125.25,0],"ix":2},"a":{"a":0,"k":[-29.75,-44.75,0],"ix":1},"s":{"a":0,"k":[100,100,100],"ix":6}},"ao":0,"shapes":[{"ty":"gr","it":[{"ind":0,"ty":"sh","ix":1,"ks":{"a":0,"k":{"i":[[-4.418,0],[0,-4.418],[2.552,0.079],[0,4.418]],"o":[[4.418,0],[0,4.418],[-2.322,-0.072],[0,-4.418]],"v":[[0,-8],[8,0],[0,16.5],[-8,0]],"c":true},"ix":2},"nm":"Path 1","mn":"ADBE Vector Shape - Group","hd":false},{"ty":"fl","c":{"a":0,"k":[0.925490196078,0.925490196078,0.925490196078,1],"ix":4},"o":{"a":0,"k":100,"ix":5},"r":1,"nm":"Fill 1","mn":"ADBE Vector Graphic - Fill","hd":false},{"ty":"tr","p":{"a":0,"k":[-29.678,-44.675],"ix":2},"a":{"a":0,"k":[0,25.003],"ix":1},"s":{"a":0,"k":[100,100],"ix":3},"r":{"a":0,"k":0,"ix":6},"o":{"a":0,"k":100,"ix":7},"sk":{"a":0,"k":0,"ix":4},"sa":{"a":0,"k":0,"ix":5},"nm":"Transform"}],"nm":"Ellipse 1","np":2,"cix":2,"ix":1,"mn":"ADBE Vector Group","hd":false}],"ip":0,"op":1092,"st":0,"bm":0},{"ddd":0,"ind":5,"ty":4,"nm":"Shape Layer 1","sr":1,"ks":{"o":{"a":0,"k":100,"ix":11},"r":{"a":0,"k":0,"ix":10},"p":{"a":0,"k":[157,125,0],"ix":2},"a":{"a":0,"k":[72,-45,0],"ix":1},"s":{"a":0,"k":[100,100,100],"ix":6}},"ao":0,"shapes":[{"ty":"gr","it":[{"ind":0,"ty":"sh","ix":1,"ks":{"a":0,"k":{"i":[[0,-22.644],[22.644,0],[0,0],[0.041,-0.034],[0,8.491],[-22.644,0]],"o":[[0,22.644],[0.252,0],[0,0],[-4.421,-6.544],[0,-22.644],[22.644,0]],"v":[[113,-45],[72,-4],[72.252,-45.252],[38.002,-22.077],[31,-45],[72,-86]],"c":true},"ix":2},"nm":"Path 1","mn":"ADBE Vector Shape - Group","hd":false},{"ty":"st","c":{"a":0,"k":[0.290196078431,0.290196078431,0.290196078431,1],"ix":3},"o":{"a":0,"k":100,"ix":4},"w":{"a":0,"k":6,"ix":5},"lc":2,"lj":2,"nm":"Stroke 1","mn":"ADBE Vector Graphic - Stroke","hd":false},{"ty":"fl","c":{"a":0,"k":[1,1,1,1],"ix":4},"o":{"a":0,"k":100,"ix":5},"r":1,"nm":"Fill 1","mn":"ADBE Vector Graphic - Fill","hd":false},{"ty":"tr","p":{"a":0,"k":[0,0],"ix":2},"a":{"a":0,"k":[0,0],"ix":1},"s":{"a":0,"k":[100,100],"ix":3},"r":{"a":0,"k":0,"ix":6},"o":{"a":0,"k":100,"ix":7},"sk":{"a":0,"k":0,"ix":4},"sa":{"a":0,"k":0,"ix":5},"nm":"Transform"}],"nm":"Shape 1","np":3,"cix":2,"ix":1,"mn":"ADBE Vector Group","hd":false}],"ip":0,"op":1092,"st":0,"bm":0}]}],"layers":[{"ddd":0,"ind":1,"ty":4,"nm":"Star 4","sr":1,"ks":{"o":{"a":0,"k":100,"ix":11},"r":{"a":1,"k":[{"i":{"x":[0.833],"y":[0.833]},"o":{"x":[0.167],"y":[0.167]},"n":["0p833_0p833_0p167_0p167"],"t":66,"s":[0],"e":[90]},{"t":86}],"ix":10},"p":{"a":0,"k":[80,130,0],"ix":2},"a":{"a":0,"k":[0,0,0],"ix":1},"s":{"a":1,"k":[{"i":{"x":[0.667,0.667,0.667],"y":[1,1,1]},"o":{"x":[0.167,0.167,0.167],"y":[0.167,0.167,25]},"n":["0p667_1_0p167_0p167","0p667_1_0p167_0p167","0p667_1_0p167_25"],"t":66,"s":[0,0,100],"e":[15,15,100]},{"i":{"x":[0.833,0.833,0.833],"y":[0.833,0.833,26]},"o":{"x":[0.333,0.333,0.333],"y":[0,0,0]},"n":["0p833_0p833_0p333_0","0p833_0p833_0p333_0","0p833_26_0p333_0"],"t":76,"s":[15,15,100],"e":[0,0,100]},{"t":86}],"ix":6}},"ao":0,"shapes":[{"ty":"gr","it":[{"ind":0,"ty":"sh","ix":1,"ks":{"a":0,"k":{"i":[[-3.625,-12.695],[0,0],[-4.362,-1.246],[0,0],[12.695,-3.625],[0,0],[1.246,-4.362],[0,0],[3.625,12.695],[0,0],[4.362,1.246],[0,0],[-12.695,3.625],[0,0],[-1.245,4.362],[0,0]],"o":[[0,0],[1.246,4.362],[0,0],[12.695,3.625],[0,0],[-4.362,1.246],[0,0],[-3.625,12.695],[0,0],[-1.245,-4.362],[0,0],[-12.695,-3.625],[0,0],[4.362,-1.246],[0,0],[3.625,-12.695]],"v":[[12.62,-114.978],[33.353,-42.369],[42.369,-33.353],[114.978,-12.62],[114.978,12.62],[42.369,33.353],[33.353,42.369],[12.62,114.978],[-12.62,114.978],[-33.353,42.369],[-42.369,33.353],[-114.978,12.62],[-114.978,-12.62],[-42.369,-33.353],[-33.353,-42.369],[-12.62,-114.978]],"c":true},"ix":2},"nm":"Path 1","mn":"ADBE Vector Shape - Group","hd":false},{"ty":"fl","c":{"a":0,"k":[1,0,0.513725490196,1],"ix":4},"o":{"a":0,"k":100,"ix":5},"r":1,"nm":"Fill 1","mn":"ADBE Vector Graphic - Fill","hd":false},{"ty":"tr","p":{"a":0,"k":[0,0],"ix":2},"a":{"a":0,"k":[0,0],"ix":1},"s":{"a":0,"k":[100,100],"ix":3},"r":{"a":0,"k":0,"ix":6},"o":{"a":0,"k":100,"ix":7},"sk":{"a":0,"k":0,"ix":4},"sa":{"a":0,"k":0,"ix":5},"nm":"Transform"}],"nm":"Shape 1","np":3,"cix":2,"ix":1,"mn":"ADBE Vector Group","hd":false}],"ip":66,"op":86,"st":66,"bm":0},{"ddd":0,"ind":2,"ty":4,"nm":"Star 3","sr":1,"ks":{"o":{"a":0,"k":100,"ix":11},"r":{"a":1,"k":[{"i":{"x":[0.833],"y":[0.833]},"o":{"x":[0.167],"y":[0.167]},"n":["0p833_0p833_0p167_0p167"],"t":56,"s":[0],"e":[90]},{"t":76}],"ix":10},"p":{"a":0,"k":[170,60,0],"ix":2},"a":{"a":0,"k":[0,0,0],"ix":1},"s":{"a":1,"k":[{"i":{"x":[0.667,0.667,0.667],"y":[1,1,1]},"o":{"x":[0.167,0.167,0.167],"y":[0.167,0.167,4.167]},"n":["0p667_1_0p167_0p167","0p667_1_0p167_0p167","0p667_1_0p167_4p167"],"t":56,"s":[0,0,100],"e":[10,10,100]},{"i":{"x":[0.833,0.833,0.833],"y":[0.833,0.833,5.167]},"o":{"x":[0.333,0.333,0.333],"y":[0,0,0]},"n":["0p833_0p833_0p333_0","0p833_0p833_0p333_0","0p833_5p167_0p333_0"],"t":66,"s":[10,10,100],"e":[0,0,100]},{"t":76}],"ix":6}},"ao":0,"shapes":[{"ty":"gr","it":[{"ind":0,"ty":"sh","ix":1,"ks":{"a":0,"k":{"i":[[-3.625,-12.695],[0,0],[-4.362,-1.246],[0,0],[12.695,-3.625],[0,0],[1.246,-4.362],[0,0],[3.625,12.695],[0,0],[4.362,1.246],[0,0],[-12.695,3.625],[0,0],[-1.245,4.362],[0,0]],"o":[[0,0],[1.246,4.362],[0,0],[12.695,3.625],[0,0],[-4.362,1.246],[0,0],[-3.625,12.695],[0,0],[-1.245,-4.362],[0,0],[-12.695,-3.625],[0,0],[4.362,-1.246],[0,0],[3.625,-12.695]],"v":[[12.62,-114.978],[33.353,-42.369],[42.369,-33.353],[114.978,-12.62],[114.978,12.62],[42.369,33.353],[33.353,42.369],[12.62,114.978],[-12.62,114.978],[-33.353,42.369],[-42.369,33.353],[-114.978,12.62],[-114.978,-12.62],[-42.369,-33.353],[-33.353,-42.369],[-12.62,-114.978]],"c":true},"ix":2},"nm":"Path 1","mn":"ADBE Vector Shape - Group","hd":false},{"ty":"fl","c":{"a":0,"k":[1,0,0.513725490196,1],"ix":4},"o":{"a":0,"k":100,"ix":5},"r":1,"nm":"Fill 1","mn":"ADBE Vector Graphic - Fill","hd":false},{"ty":"tr","p":{"a":0,"k":[0,0],"ix":2},"a":{"a":0,"k":[0,0],"ix":1},"s":{"a":0,"k":[100,100],"ix":3},"r":{"a":0,"k":0,"ix":6},"o":{"a":0,"k":100,"ix":7},"sk":{"a":0,"k":0,"ix":4},"sa":{"a":0,"k":0,"ix":5},"nm":"Transform"}],"nm":"Shape 1","np":3,"cix":2,"ix":1,"mn":"ADBE Vector Group","hd":false}],"ip":56,"op":76,"st":56,"bm":0},{"ddd":0,"ind":3,"ty":4,"nm":"Star 2","sr":1,"ks":{"o":{"a":0,"k":100,"ix":11},"r":{"a":1,"k":[{"i":{"x":[0.833],"y":[0.833]},"o":{"x":[0.167],"y":[0.167]},"n":["0p833_0p833_0p167_0p167"],"t":46,"s":[0],"e":[90]},{"t":66}],"ix":10},"p":{"a":0,"k":[320,220,0],"ix":2},"a":{"a":0,"k":[0,0,0],"ix":1},"s":{"a":1,"k":[{"i":{"x":[0.667,0.667,0.667],"y":[1,1,1]},"o":{"x":[0.167,0.167,0.167],"y":[0.167,0.167,25]},"n":["0p667_1_0p167_0p167","0p667_1_0p167_0p167","0p667_1_0p167_25"],"t":46,"s":[0,0,100],"e":[15,15,100]},{"i":{"x":[0.833,0.833,0.833],"y":[0.833,0.833,26]},"o":{"x":[0.333,0.333,0.333],"y":[0,0,0]},"n":["0p833_0p833_0p333_0","0p833_0p833_0p333_0","0p833_26_0p333_0"],"t":56,"s":[15,15,100],"e":[0,0,100]},{"t":66}],"ix":6}},"ao":0,"shapes":[{"ty":"gr","it":[{"ind":0,"ty":"sh","ix":1,"ks":{"a":0,"k":{"i":[[-3.625,-12.695],[0,0],[-4.362,-1.246],[0,0],[12.695,-3.625],[0,0],[1.246,-4.362],[0,0],[3.625,12.695],[0,0],[4.362,1.246],[0,0],[-12.695,3.625],[0,0],[-1.245,4.362],[0,0]],"o":[[0,0],[1.246,4.362],[0,0],[12.695,3.625],[0,0],[-4.362,1.246],[0,0],[-3.625,12.695],[0,0],[-1.245,-4.362],[0,0],[-12.695,-3.625],[0,0],[4.362,-1.246],[0,0],[3.625,-12.695]],"v":[[12.62,-114.978],[33.353,-42.369],[42.369,-33.353],[114.978,-12.62],[114.978,12.62],[42.369,33.353],[33.353,42.369],[12.62,114.978],[-12.62,114.978],[-33.353,42.369],[-42.369,33.353],[-114.978,12.62],[-114.978,-12.62],[-42.369,-33.353],[-33.353,-42.369],[-12.62,-114.978]],"c":true},"ix":2},"nm":"Path 1","mn":"ADBE Vector Shape - Group","hd":false},{"ty":"fl","c":{"a":0,"k":[1,0,0.513725490196,1],"ix":4},"o":{"a":0,"k":100,"ix":5},"r":1,"nm":"Fill 1","mn":"ADBE Vector Graphic - Fill","hd":false},{"ty":"tr","p":{"a":0,"k":[0,0],"ix":2},"a":{"a":0,"k":[0,0],"ix":1},"s":{"a":0,"k":[100,100],"ix":3},"r":{"a":0,"k":0,"ix":6},"o":{"a":0,"k":100,"ix":7},"sk":{"a":0,"k":0,"ix":4},"sa":{"a":0,"k":0,"ix":5},"nm":"Transform"}],"nm":"Shape 1","np":3,"cix":2,"ix":1,"mn":"ADBE Vector Group","hd":false}],"ip":46,"op":66,"st":46,"bm":0},{"ddd":0,"ind":4,"ty":4,"nm":"Star","sr":1,"ks":{"o":{"a":0,"k":100,"ix":11},"r":{"a":1,"k":[{"i":{"x":[0.833],"y":[0.833]},"o":{"x":[0.167],"y":[0.167]},"n":["0p833_0p833_0p167_0p167"],"t":36,"s":[0],"e":[90]},{"t":56}],"ix":10},"p":{"a":0,"k":[80,170,0],"ix":2},"a":{"a":0,"k":[0,0,0],"ix":1},"s":{"a":1,"k":[{"i":{"x":[0.667,0.667,0.667],"y":[1,1,1]},"o":{"x":[0.167,0.167,0.167],"y":[0.167,0.167,4.167]},"n":["0p667_1_0p167_0p167","0p667_1_0p167_0p167","0p667_1_0p167_4p167"],"t":36,"s":[0,0,100],"e":[10,10,100]},{"i":{"x":[0.833,0.833,0.833],"y":[0.833,0.833,5.167]},"o":{"x":[0.333,0.333,0.333],"y":[0,0,0]},"n":["0p833_0p833_0p333_0","0p833_0p833_0p333_0","0p833_5p167_0p333_0"],"t":46,"s":[10,10,100],"e":[0,0,100]},{"t":56}],"ix":6}},"ao":0,"shapes":[{"ty":"gr","it":[{"ind":0,"ty":"sh","ix":1,"ks":{"a":0,"k":{"i":[[-3.625,-12.695],[0,0],[-4.362,-1.246],[0,0],[12.695,-3.625],[0,0],[1.246,-4.362],[0,0],[3.625,12.695],[0,0],[4.362,1.246],[0,0],[-12.695,3.625],[0,0],[-1.245,4.362],[0,0]],"o":[[0,0],[1.246,4.362],[0,0],[12.695,3.625],[0,0],[-4.362,1.246],[0,0],[-3.625,12.695],[0,0],[-1.245,-4.362],[0,0],[-12.695,-3.625],[0,0],[4.362,-1.246],[0,0],[3.625,-12.695]],"v":[[12.62,-114.978],[33.353,-42.369],[42.369,-33.353],[114.978,-12.62],[114.978,12.62],[42.369,33.353],[33.353,42.369],[12.62,114.978],[-12.62,114.978],[-33.353,42.369],[-42.369,33.353],[-114.978,12.62],[-114.978,-12.62],[-42.369,-33.353],[-33.353,-42.369],[-12.62,-114.978]],"c":true},"ix":2},"nm":"Path 1","mn":"ADBE Vector Shape - Group","hd":false},{"ty":"fl","c":{"a":0,"k":[1,0,0.513725490196,1],"ix":4},"o":{"a":0,"k":100,"ix":5},"r":1,"nm":"Fill 1","mn":"ADBE Vector Graphic - Fill","hd":false},{"ty":"tr","p":{"a":0,"k":[0,0],"ix":2},"a":{"a":0,"k":[0,0],"ix":1},"s":{"a":0,"k":[100,100],"ix":3},"r":{"a":0,"k":0,"ix":6},"o":{"a":0,"k":100,"ix":7},"sk":{"a":0,"k":0,"ix":4},"sa":{"a":0,"k":0,"ix":5},"nm":"Transform"}],"nm":"Shape 1","np":3,"cix":2,"ix":1,"mn":"ADBE Vector Group","hd":false}],"ip":36,"op":56,"st":36,"bm":0},{"ddd":0,"ind":5,"ty":4,"nm":"Star 5","sr":1,"ks":{"o":{"a":0,"k":100,"ix":11},"r":{"a":1,"k":[{"i":{"x":[0.833],"y":[0.833]},"o":{"x":[0.167],"y":[0.167]},"n":["0p833_0p833_0p167_0p167"],"t":51,"s":[0],"e":[90]},{"t":71}],"ix":10},"p":{"a":0,"k":[80,250,0],"ix":2},"a":{"a":0,"k":[0,0,0],"ix":1},"s":{"a":1,"k":[{"i":{"x":[0.667,0.667,0.667],"y":[1,1,1]},"o":{"x":[0.167,0.167,0.167],"y":[0.167,0.167,11.111]},"n":["0p667_1_0p167_0p167","0p667_1_0p167_0p167","0p667_1_0p167_11p111"],"t":51,"s":[0,0,100],"e":[10,10,100]},{"i":{"x":[0.833,0.833,0.833],"y":[0.833,0.833,12.111]},"o":{"x":[0.333,0.333,0.333],"y":[0,0,0]},"n":["0p833_0p833_0p333_0","0p833_0p833_0p333_0","0p833_12p111_0p333_0"],"t":61,"s":[10,10,100],"e":[0,0,100]},{"t":71}],"ix":6}},"ao":0,"shapes":[{"ty":"gr","it":[{"ind":0,"ty":"sh","ix":1,"ks":{"a":0,"k":{"i":[[-3.625,-12.695],[0,0],[-4.362,-1.246],[0,0],[12.695,-3.625],[0,0],[1.246,-4.362],[0,0],[3.625,12.695],[0,0],[4.362,1.246],[0,0],[-12.695,3.625],[0,0],[-1.245,4.362],[0,0]],"o":[[0,0],[1.246,4.362],[0,0],[12.695,3.625],[0,0],[-4.362,1.246],[0,0],[-3.625,12.695],[0,0],[-1.245,-4.362],[0,0],[-12.695,-3.625],[0,0],[4.362,-1.246],[0,0],[3.625,-12.695]],"v":[[12.62,-114.978],[33.353,-42.369],[42.369,-33.353],[114.978,-12.62],[114.978,12.62],[42.369,33.353],[33.353,42.369],[12.62,114.978],[-12.62,114.978],[-33.353,42.369],[-42.369,33.353],[-114.978,12.62],[-114.978,-12.62],[-42.369,-33.353],[-33.353,-42.369],[-12.62,-114.978]],"c":true},"ix":2},"nm":"Path 1","mn":"ADBE Vector Shape - Group","hd":false},{"ty":"fl","c":{"a":0,"k":[1,0,0.513725490196,1],"ix":4},"o":{"a":0,"k":100,"ix":5},"r":1,"nm":"Fill 1","mn":"ADBE Vector Graphic - Fill","hd":false},{"ty":"tr","p":{"a":0,"k":[0,0],"ix":2},"a":{"a":0,"k":[0,0],"ix":1},"s":{"a":0,"k":[100,100],"ix":3},"r":{"a":0,"k":0,"ix":6},"o":{"a":0,"k":100,"ix":7},"sk":{"a":0,"k":0,"ix":4},"sa":{"a":0,"k":0,"ix":5},"nm":"Transform"}],"nm":"Shape 1","np":3,"cix":2,"ix":1,"mn":"ADBE Vector Group","hd":false}],"ip":51,"op":71,"st":51,"bm":0},{"ddd":0,"ind":6,"ty":3,"nm":"ALL GLASS","sr":1,"ks":{"o":{"a":0,"k":100,"ix":11},"r":{"a":0,"k":0,"ix":10},"p":{"a":1,"k":[{"i":{"x":0.667,"y":1},"o":{"x":0.167,"y":0.167},"n":"0p667_1_0p167_0p167","t":0,"s":[190,312,0],"e":[190,272,0],"to":[0,-6.66666650772095,0],"ti":[0,0,0]},{"i":{"x":0.833,"y":0.833},"o":{"x":0.333,"y":0},"n":"0p833_0p833_0p333_0","t":14.014,"s":[190,272,0],"e":[190,312,0],"to":[0,0,0],"ti":[0,-6.66666650772095,0]},{"i":{"x":0.833,"y":0.833},"o":{"x":0.167,"y":0.167},"n":"0p833_0p833_0p167_0p167","t":23.824,"s":[190,312,0],"e":[190,312,0],"to":[0,0,0],"ti":[0,0,0]},{"i":{"x":0.667,"y":1},"o":{"x":0.167,"y":0.167},"n":"0p667_1_0p167_0p167","t":32.232,"s":[190,312,0],"e":[190,292,0],"to":[0,-3.33333325386047,0],"ti":[0,0,0]},{"i":{"x":0.833,"y":0.833},"o":{"x":0.333,"y":0},"n":"0p833_0p833_0p333_0","t":40.641,"s":[190,292,0],"e":[190,312,0],"to":[0,0,0],"ti":[0,-3.33333325386047,0]},{"t":49.048828125}],"ix":2},"a":{"a":0,"k":[200,342,0],"ix":1},"s":{"a":1,"k":[{"i":{"x":[0.667,0.667,0.667],"y":[1,1,1]},"o":{"x":[0.333,0.333,0.333],"y":[0,0,0]},"n":["0p667_1_0p333_0","0p667_1_0p333_0","0p667_1_0p333_0"],"t":0,"s":[110,80,100],"e":[90,110,100]},{"i":{"x":[0.667,0.667,0.667],"y":[1,1,1]},"o":{"x":[0.333,0.333,0.333],"y":[0,0,0]},"n":["0p667_1_0p333_0","0p667_1_0p333_0","0p667_1_0p333_0"],"t":19.619,"s":[90,110,100],"e":[120,80,100]},{"i":{"x":[0.667,0.667,0.667],"y":[1,1,1]},"o":{"x":[0.333,0.333,0.333],"y":[0,0,0]},"n":["0p667_1_0p333_0","0p667_1_0p333_0","0p667_1_0p333_0"],"t":30.83,"s":[120,80,100],"e":[90,105,100]},{"i":{"x":[0.667,0.667,0.667],"y":[1,1,1]},"o":{"x":[0.333,0.333,0.333],"y":[0,0,0]},"n":["0p667_1_0p333_0","0p667_1_0p333_0","0p667_1_0p333_0"],"t":42.043,"s":[90,105,100],"e":[102,95,100]},{"i":{"x":[0.833,0.833,0.833],"y":[1,1,1]},"o":{"x":[0.167,0.167,0.167],"y":[0,0,0]},"n":["0p833_1_0p167_0","0p833_1_0p167_0","0p833_1_0p167_0"],"t":53.254,"s":[102,95,100],"e":[98,101,100]},{"i":{"x":[0.833,0.833,0.833],"y":[1,1,1]},"o":{"x":[0.167,0.167,0.167],"y":[0,0,0]},"n":["0p833_1_0p167_0","0p833_1_0p167_0","0p833_1_0p167_0"],"t":64.465,"s":[98,101,100],"e":[100,100,100]},{"t":75.67578125}],"ix":6}},"ao":0,"ip":0,"op":1093.09309309309,"st":0,"bm":0},{"ddd":0,"ind":7,"ty":4,"nm":"Stroke","parent":6,"sr":1,"ks":{"o":{"a":0,"k":100,"ix":11},"r":{"a":0,"k":0,"ix":10},"p":{"a":0,"k":[209,221.956,0],"ix":2},"a":{"a":0,"k":[0,0,0],"ix":1},"s":{"a":0,"k":[100,100,100],"ix":6}},"ao":0,"shapes":[{"ty":"gr","it":[{"ind":0,"ty":"sh","ix":1,"ks":{"a":0,"k":{"i":[[0,0],[0,0],[0,0]],"o":[[0,0],[0,0],[0,0]],"v":[[-154,-142],[-92,-130],[54,120]],"c":false},"ix":2},"nm":"Path 1","mn":"ADBE Vector Shape - Group","hd":false},{"ty":"st","c":{"a":0,"k":[0.290196078431,0.290196078431,0.290196078431,1],"ix":3},"o":{"a":0,"k":100,"ix":4},"w":{"a":0,"k":6,"ix":5},"lc":2,"lj":2,"nm":"Stroke 1","mn":"ADBE Vector Graphic - Stroke","hd":false},{"ty":"tr","p":{"a":0,"k":[0,0],"ix":2},"a":{"a":0,"k":[0,0],"ix":1},"s":{"a":0,"k":[100,100],"ix":3},"r":{"a":0,"k":0,"ix":6},"o":{"a":0,"k":100,"ix":7},"sk":{"a":0,"k":0,"ix":4},"sa":{"a":0,"k":0,"ix":5},"nm":"Transform"}],"nm":"Shape 1","np":3,"cix":2,"ix":1,"mn":"ADBE Vector Group","hd":false},{"ty":"tm","s":{"a":1,"k":[{"i":{"x":[0.667],"y":[1]},"o":{"x":[0.333],"y":[0]},"n":["0p667_1_0p333_0"],"t":7.007,"s":[100],"e":[0]},{"t":35.035961742993}],"ix":1},"e":{"a":0,"k":100,"ix":2},"o":{"a":0,"k":0,"ix":3},"m":1,"ix":2,"nm":"Trim Paths 1","mn":"ADBE Vector Filter - Trim","hd":false}],"ip":7.00700700700701,"op":1086.08608608609,"st":-7.00700700700701,"bm":0},{"ddd":0,"ind":8,"ty":4,"nm":"Light","parent":6,"sr":1,"ks":{"o":{"a":0,"k":100,"ix":11},"r":{"a":0,"k":0,"ix":10},"p":{"a":0,"k":[195.25,204,0],"ix":2},"a":{"a":0,"k":[0,0,0],"ix":1},"s":{"a":0,"k":[100,100,100],"ix":6}},"ao":0,"shapes":[{"ty":"gr","it":[{"ind":0,"ty":"sh","ix":1,"ks":{"a":0,"k":{"i":[[0,0],[0,0]],"o":[[0,0],[0,0]],"v":[[-46,130],[-46,132.75]],"c":false},"ix":2},"nm":"Path 1","mn":"ADBE Vector Shape - Group","hd":false},{"ty":"st","c":{"a":0,"k":[1,1,1,1],"ix":3},"o":{"a":0,"k":100,"ix":4},"w":{"a":0,"k":6,"ix":5},"lc":2,"lj":2,"nm":"Stroke 1","mn":"ADBE Vector Graphic - Stroke","hd":false},{"ty":"tr","p":{"a":0,"k":[0,0],"ix":2},"a":{"a":0,"k":[0,0],"ix":1},"s":{"a":0,"k":[100,100],"ix":3},"r":{"a":0,"k":0,"ix":6},"o":{"a":0,"k":100,"ix":7},"sk":{"a":0,"k":0,"ix":4},"sa":{"a":0,"k":0,"ix":5},"nm":"Transform"}],"nm":"Shape 2","np":3,"cix":2,"ix":1,"mn":"ADBE Vector Group","hd":false},{"ty":"gr","it":[{"ind":0,"ty":"sh","ix":1,"ks":{"a":0,"k":{"i":[[0,0],[0,0]],"o":[[0,0],[0,0]],"v":[[-52,-17.5],[-46.5,117.5]],"c":false},"ix":2},"nm":"Path 1","mn":"ADBE Vector Shape - Group","hd":false},{"ty":"st","c":{"a":0,"k":[1,1,1,1],"ix":3},"o":{"a":0,"k":100,"ix":4},"w":{"a":0,"k":6,"ix":5},"lc":2,"lj":2,"nm":"Stroke 1","mn":"ADBE Vector Graphic - Stroke","hd":false},{"ty":"tr","p":{"a":0,"k":[0,0],"ix":2},"a":{"a":0,"k":[0,0],"ix":1},"s":{"a":0,"k":[100,100],"ix":3},"r":{"a":0,"k":0,"ix":6},"o":{"a":0,"k":100,"ix":7},"sk":{"a":0,"k":0,"ix":4},"sa":{"a":0,"k":0,"ix":5},"nm":"Transform"}],"nm":"Shape 1","np":3,"cix":2,"ix":2,"mn":"ADBE Vector Group","hd":false}],"ip":0,"op":1093.09309309309,"st":0,"bm":0},{"ddd":0,"ind":9,"ty":4,"nm":"Walls","parent":6,"sr":1,"ks":{"o":{"a":0,"k":100,"ix":11},"r":{"a":0,"k":0,"ix":10},"p":{"a":0,"k":[200,342.742,0],"ix":2},"a":{"a":0,"k":[0,142.742,0],"ix":1},"s":{"a":1,"k":[{"i":{"x":[0.667,0.309,0.667],"y":[1,1,1]},"o":{"x":[0.333,0.333,0.333],"y":[0,0,0]},"n":["0p667_1_0p333_0","0p309_1_0p333_0","0p667_1_0p333_0"],"t":0,"s":[95,0,100],"e":[100,110,100]},{"i":{"x":[0.667,0.667,0.667],"y":[1,1,1]},"o":{"x":[0.333,0.333,0.333],"y":[0,0,0]},"n":["0p667_1_0p333_0","0p667_1_0p333_0","0p667_1_0p333_0"],"t":14.014,"s":[100,110,100],"e":[100,95,100]},{"i":{"x":[0.667,0.667,0.667],"y":[1,1,1]},"o":{"x":[0.333,0.333,0.333],"y":[0,0,0]},"n":["0p667_1_0p333_0","0p667_1_0p333_0","0p667_1_0p333_0"],"t":28.027,"s":[100,95,100],"e":[100,102,100]},{"i":{"x":[0.667,0.667,0.667],"y":[1,1,1]},"o":{"x":[0.333,0.333,0.333],"y":[0,0,0]},"n":["0p667_1_0p333_0","0p667_1_0p333_0","0p667_1_0p333_0"],"t":42.043,"s":[100,102,100],"e":[100,100,100]},{"t":56.056640625}],"ix":6}},"ao":0,"shapes":[{"ty":"gr","it":[{"ind":0,"ty":"sh","ix":1,"ks":{"a":0,"k":{"i":[[0,0],[0,0]],"o":[[0,0],[0,0]],"v":[[73,-43.625],[63.625,143]],"c":false},"ix":2},"nm":"Path 1","mn":"ADBE Vector Shape - Group","hd":false},{"ty":"st","c":{"a":0,"k":[0.290195988674,0.290195988674,0.290195988674,1],"ix":3},"o":{"a":0,"k":100,"ix":4},"w":{"a":0,"k":6,"ix":5},"lc":2,"lj":2,"nm":"Stroke 1","mn":"ADBE Vector Graphic - Stroke","hd":false},{"ty":"fl","c":{"a":0,"k":[1,1,1,1],"ix":4},"o":{"a":0,"k":100,"ix":5},"r":1,"nm":"Fill 1","mn":"ADBE Vector Graphic - Fill","hd":false},{"ty":"tr","p":{"a":0,"k":[0,0],"ix":2},"a":{"a":0,"k":[0,0],"ix":1},"s":{"a":0,"k":[100,100],"ix":3},"r":{"a":0,"k":0,"ix":6},"o":{"a":0,"k":100,"ix":7},"sk":{"a":0,"k":0,"ix":4},"sa":{"a":0,"k":0,"ix":5},"nm":"Transform"}],"nm":"Shape 2","np":3,"cix":2,"ix":1,"mn":"ADBE Vector Group","hd":false},{"ty":"gr","it":[{"ind":0,"ty":"sh","ix":1,"ks":{"a":0,"k":{"i":[[0,0],[0,0]],"o":[[0,0],[0,0]],"v":[[-73,-44.125],[-64,142.25]],"c":false},"ix":2},"nm":"Path 1","mn":"ADBE Vector Shape - Group","hd":false},{"ty":"st","c":{"a":0,"k":[0.290195988674,0.290195988674,0.290195988674,1],"ix":3},"o":{"a":0,"k":100,"ix":4},"w":{"a":0,"k":6,"ix":5},"lc":2,"lj":2,"nm":"Stroke 1","mn":"ADBE Vector Graphic - Stroke","hd":false},{"ty":"fl","c":{"a":0,"k":[1,1,1,1],"ix":4},"o":{"a":0,"k":100,"ix":5},"r":1,"nm":"Fill 1","mn":"ADBE Vector Graphic - Fill","hd":false},{"ty":"tr","p":{"a":0,"k":[0,0],"ix":2},"a":{"a":0,"k":[0,0],"ix":1},"s":{"a":0,"k":[100,100],"ix":3},"r":{"a":0,"k":0,"ix":6},"o":{"a":0,"k":100,"ix":7},"sk":{"a":0,"k":0,"ix":4},"sa":{"a":0,"k":0,"ix":5},"nm":"Transform"}],"nm":"Shape 1","np":3,"cix":2,"ix":2,"mn":"ADBE Vector Group","hd":false}],"ip":0,"op":1093.09309309309,"st":0,"bm":0},{"ddd":0,"ind":10,"ty":3,"nm":"TOP","parent":6,"sr":1,"ks":{"o":{"a":0,"k":100,"ix":11},"r":{"a":0,"k":0,"ix":10},"p":{"s":true,"x":{"a":0,"k":200,"ix":3},"y":{"a":1,"k":[{"i":{"x":[0.255],"y":[1]},"o":{"x":[0.336],"y":[0]},"n":["0p255_1_0p336_0"],"t":0,"s":[345.586],"e":[135.586]},{"i":{"x":[0.687],"y":[1]},"o":{"x":[0.539],"y":[0]},"n":["0p687_1_0p539_0"],"t":14.014,"s":[135.586],"e":[165.586]},{"i":{"x":[0.633],"y":[1]},"o":{"x":[0.416],"y":[0]},"n":["0p633_1_0p416_0"],"t":28.027,"s":[165.586],"e":[150.586]},{"i":{"x":[0.662],"y":[1]},"o":{"x":[0.432],"y":[0]},"n":["0p662_1_0p432_0"],"t":42.043,"s":[150.586],"e":[157.586]},{"i":{"x":[0.549],"y":[1]},"o":{"x":[0.304],"y":[0]},"n":["0p549_1_0p304_0"],"t":56.057,"s":[157.586],"e":[155.586]},{"t":70.0703125}],"ix":4}},"a":{"a":0,"k":[200,155.586,0],"ix":1},"s":{"a":1,"k":[{"i":{"x":[0.667,0.667,0.667],"y":[1,1,1]},"o":{"x":[0.333,0.333,0.333],"y":[0,0,0]},"n":["0p667_1_0p333_0","0p667_1_0p333_0","0p667_1_0p333_0"],"t":0,"s":[90,90,100],"e":[100,100,100]},{"t":14.013671875}],"ix":6}},"ao":0,"ip":0,"op":1093.09309309309,"st":0,"bm":0},{"ddd":0,"ind":11,"ty":4,"nm":"Top Front","parent":10,"sr":1,"ks":{"o":{"a":0,"k":100,"ix":11},"r":{"a":0,"k":0,"ix":10},"p":{"a":0,"k":[200,155.586,0],"ix":2},"a":{"a":0,"k":[0.178,-1.836,0],"ix":1},"s":{"a":0,"k":[100,-100,100],"ix":6}},"ao":0,"shapes":[{"ty":"gr","it":[{"ind":0,"ty":"sh","ix":1,"ks":{"a":1,"k":[{"i":{"x":0.667,"y":1},"o":{"x":0.333,"y":0},"n":"0p667_1_0p333_0","t":0,"s":[{"i":[[0.662,8.696],[-40.196,0],[-0.178,-2.586]],"o":[[-0.178,-2.336],[40.196,0],[0.598,8.7]],"v":[[-72.781,0],[0,-7.791],[72.781,0]],"c":false}],"e":[{"i":[[0,8.721],[-40.196,0],[0,-8.721]],"o":[[0,-8.721],[40.196,0],[0,8.721]],"v":[[-72.781,0],[0,-15.791],[72.781,0]],"c":false}]},{"t":42.04296875}],"ix":2},"nm":"Path 1","mn":"ADBE Vector Shape - Group","hd":false},{"ty":"st","c":{"a":0,"k":[0.290195988674,0.290195988674,0.290195988674,1],"ix":3},"o":{"a":0,"k":100,"ix":4},"w":{"a":0,"k":4,"ix":5},"lc":1,"lj":1,"ml":4,"nm":"Stroke 1","mn":"ADBE Vector Graphic - Stroke","hd":false},{"ty":"tr","p":{"a":0,"k":[0.178,-1.414],"ix":2},"a":{"a":0,"k":[0,0],"ix":1},"s":{"a":0,"k":[100,100],"ix":3},"r":{"a":0,"k":0,"ix":6},"o":{"a":0,"k":100,"ix":7},"sk":{"a":0,"k":0,"ix":4},"sa":{"a":0,"k":0,"ix":5},"nm":"Transform"}],"nm":"Ellipse 1","np":3,"cix":2,"ix":1,"mn":"ADBE Vector Group","hd":false}],"ip":0,"op":1093.09309309309,"st":0,"bm":0},{"ddd":0,"ind":12,"ty":0,"nm":"Lemon","parent":6,"refId":"comp_0","sr":1,"ks":{"o":{"a":0,"k":100,"ix":11},"r":{"a":0,"k":0,"ix":10},"p":{"a":0,"k":[272,156.75,0],"ix":2},"a":{"a":0,"k":[157.5,125,0],"ix":1},"s":{"a":1,"k":[{"i":{"x":[0.667,0.667,0.667],"y":[1,1,1]},"o":{"x":[0.333,0.333,0.333],"y":[0,0,0]},"n":["0p667_1_0p333_0","0p667_1_0p333_0","0p667_1_0p333_0"],"t":21.021,"s":[0,0,100],"e":[120,120,100]},{"i":{"x":[0.667,0.667,0.667],"y":[1,1,1]},"o":{"x":[0.333,0.333,0.333],"y":[0,0,0]},"n":["0p667_1_0p333_0","0p667_1_0p333_0","0p667_1_0p333_0"],"t":35.035,"s":[120,120,100],"e":[90,90,100]},{"i":{"x":[0.667,0.667,0.667],"y":[1,1,1]},"o":{"x":[0.333,0.333,0.333],"y":[0,0,0]},"n":["0p667_1_0p333_0","0p667_1_0p333_0","0p667_1_0p333_0"],"t":49.049,"s":[90,90,100],"e":[105,105,100]},{"i":{"x":[0.667,0.667,0.667],"y":[1,1,1]},"o":{"x":[0.333,0.333,0.333],"y":[0,0,0]},"n":["0p667_1_0p333_0","0p667_1_0p333_0","0p667_1_0p333_0"],"t":63.063,"s":[105,105,100],"e":[100,100,100]},{"t":77.076171875}],"ix":6}},"ao":0,"w":380,"h":340,"ip":21.021021021021,"op":1092,"st":0,"bm":0},{"ddd":0,"ind":13,"ty":4,"nm":"Top Back","parent":10,"sr":1,"ks":{"o":{"a":0,"k":100,"ix":11},"r":{"a":0,"k":0,"ix":10},"p":{"a":0,"k":[200,155.164,0],"ix":2},"a":{"a":0,"k":[0.178,-1.836,0],"ix":1},"s":{"a":0,"k":[100,100,100],"ix":6}},"ao":0,"shapes":[{"ty":"gr","it":[{"ind":0,"ty":"sh","ix":1,"ks":{"a":1,"k":[{"i":{"x":0.667,"y":1},"o":{"x":0.333,"y":0},"n":"0p667_1_0p333_0","t":0,"s":[{"i":[[0.305,8.716],[-40.196,0],[-0.178,-3.836]],"o":[[-0.178,-5.086],[40.196,0],[0.404,8.712]],"v":[[-72.781,0],[0,-9.791],[72.781,0]],"c":false}],"e":[{"i":[[0,8.721],[-40.196,0],[0,-8.721]],"o":[[0,-8.721],[40.196,0],[0,8.721]],"v":[[-72.781,0],[0,-15.791],[72.781,0]],"c":false}]},{"t":42.04296875}],"ix":2},"nm":"Path 1","mn":"ADBE Vector Shape - Group","hd":false},{"ty":"st","c":{"a":0,"k":[0.290195988674,0.290195988674,0.290195988674,1],"ix":3},"o":{"a":0,"k":100,"ix":4},"w":{"a":0,"k":6,"ix":5},"lc":1,"lj":1,"ml":4,"nm":"Stroke 1","mn":"ADBE Vector Graphic - Stroke","hd":false},{"ty":"tr","p":{"a":0,"k":[0.178,-1.414],"ix":2},"a":{"a":0,"k":[0,0],"ix":1},"s":{"a":0,"k":[100,100],"ix":3},"r":{"a":0,"k":0,"ix":6},"o":{"a":0,"k":100,"ix":7},"sk":{"a":0,"k":0,"ix":4},"sa":{"a":0,"k":0,"ix":5},"nm":"Transform"}],"nm":"Ellipse 1","np":3,"cix":2,"ix":1,"mn":"ADBE Vector Group","hd":false}],"ip":0,"op":1093.09309309309,"st":0,"bm":0},{"ddd":0,"ind":14,"ty":3,"nm":"BOTTOM","parent":6,"sr":1,"ks":{"o":{"a":0,"k":100,"ix":11},"r":{"a":0,"k":0,"ix":10},"p":{"a":0,"k":[200,342.742,0],"ix":2},"a":{"a":0,"k":[150,242.742,0],"ix":1},"s":{"a":0,"k":[100,100,100],"ix":6}},"ao":0,"ip":0,"op":1093.09309309309,"st":0,"bm":0},{"ddd":0,"ind":15,"ty":4,"nm":"Bubble 7","parent":6,"sr":1,"ks":{"o":{"a":0,"k":100,"ix":11},"r":{"a":0,"k":0,"ix":10},"p":{"a":1,"k":[{"i":{"x":0.833,"y":0.833},"o":{"x":0.167,"y":0.167},"n":"0p833_0p833_0p167_0p167","t":68.669,"s":[203.247,342.674,0],"e":[203.247,157.031,0],"to":[0,-30.9405345916748,0],"ti":[0,30.9405345916748,0]},{"t":96.6960124186687}],"ix":2},"a":{"a":0,"k":[29.15,133.15,0],"ix":1},"s":{"a":1,"k":[{"i":{"x":[0.833,0.833,0.833],"y":[0.833,0.833,0.833]},"o":{"x":[0.167,0.167,0.167],"y":[0.167,0.167,0.167]},"n":["0p833_0p833_0p167_0p167","0p833_0p833_0p167_0p167","0p833_0p833_0p167_0p167"],"t":68.669,"s":[0,0,100],"e":[100,100,100]},{"t":96.6960124186687}],"ix":6}},"ao":0,"shapes":[{"ty":"gr","it":[{"d":1,"ty":"el","s":{"a":0,"k":[12.301,12.301],"ix":2},"p":{"a":0,"k":[0,0],"ix":3},"nm":"Ellipse Path 1","mn":"ADBE Vector Shape - Ellipse","hd":false},{"ty":"fl","c":{"a":0,"k":[1,1,1,1],"ix":4},"o":{"a":0,"k":100,"ix":5},"r":1,"nm":"Fill 1","mn":"ADBE Vector Graphic - Fill","hd":false},{"ty":"tr","p":{"a":0,"k":[29.15,133.15],"ix":2},"a":{"a":0,"k":[0,0],"ix":1},"s":{"a":0,"k":[100,100],"ix":3},"r":{"a":0,"k":0,"ix":6},"o":{"a":0,"k":100,"ix":7},"sk":{"a":0,"k":0,"ix":4},"sa":{"a":0,"k":0,"ix":5},"nm":"Transform"}],"nm":"Ellipse 1","np":3,"cix":2,"ix":1,"mn":"ADBE Vector Group","hd":false}],"ip":68.6686686686687,"op":96.6966966966967,"st":68.6686686686687,"bm":0},{"ddd":0,"ind":16,"ty":4,"nm":"Bubble 6","parent":6,"sr":1,"ks":{"o":{"a":0,"k":100,"ix":11},"r":{"a":0,"k":0,"ix":10},"p":{"a":1,"k":[{"i":{"x":0.833,"y":0.833},"o":{"x":0.167,"y":0.167},"n":"0p833_0p833_0p167_0p167","t":61.662,"s":[173.595,342.674,0],"e":[173.595,157.031,0],"to":[0,-30.9405345916748,0],"ti":[0,30.9405345916748,0]},{"t":89.6890054116617}],"ix":2},"a":{"a":0,"k":[29.15,133.15,0],"ix":1},"s":{"a":1,"k":[{"i":{"x":[0.833,0.833,0.833],"y":[0.833,0.833,0.833]},"o":{"x":[0.167,0.167,0.167],"y":[0.167,0.167,0.167]},"n":["0p833_0p833_0p167_0p167","0p833_0p833_0p167_0p167","0p833_0p833_0p167_0p167"],"t":61.662,"s":[0,0,100],"e":[100,100,100]},{"t":89.6890054116617}],"ix":6}},"ao":0,"shapes":[{"ty":"gr","it":[{"d":1,"ty":"el","s":{"a":0,"k":[12.301,12.301],"ix":2},"p":{"a":0,"k":[0,0],"ix":3},"nm":"Ellipse Path 1","mn":"ADBE Vector Shape - Ellipse","hd":false},{"ty":"fl","c":{"a":0,"k":[1,1,1,1],"ix":4},"o":{"a":0,"k":100,"ix":5},"r":1,"nm":"Fill 1","mn":"ADBE Vector Graphic - Fill","hd":false},{"ty":"tr","p":{"a":0,"k":[29.15,133.15],"ix":2},"a":{"a":0,"k":[0,0],"ix":1},"s":{"a":0,"k":[100,100],"ix":3},"r":{"a":0,"k":0,"ix":6},"o":{"a":0,"k":100,"ix":7},"sk":{"a":0,"k":0,"ix":4},"sa":{"a":0,"k":0,"ix":5},"nm":"Transform"}],"nm":"Ellipse 1","np":3,"cix":2,"ix":1,"mn":"ADBE Vector Group","hd":false}],"ip":61.6616616616617,"op":89.6896896896897,"st":61.6616616616617,"bm":0},{"ddd":0,"ind":17,"ty":4,"nm":"Bubble 5","parent":6,"sr":1,"ks":{"o":{"a":0,"k":100,"ix":11},"r":{"a":0,"k":0,"ix":10},"p":{"a":1,"k":[{"i":{"x":0.833,"y":0.833},"o":{"x":0.167,"y":0.167},"n":"0p833_0p833_0p167_0p167","t":54.655,"s":[229.15,342.674,0],"e":[229.15,157.031,0],"to":[0,-30.9405345916748,0],"ti":[0,30.9405345916748,0]},{"t":82.6819984046546}],"ix":2},"a":{"a":0,"k":[29.15,133.15,0],"ix":1},"s":{"a":1,"k":[{"i":{"x":[0.833,0.833,0.833],"y":[0.833,0.833,0.833]},"o":{"x":[0.167,0.167,0.167],"y":[0.167,0.167,0.167]},"n":["0p833_0p833_0p167_0p167","0p833_0p833_0p167_0p167","0p833_0p833_0p167_0p167"],"t":54.655,"s":[0,0,100],"e":[100,100,100]},{"t":82.6819984046546}],"ix":6}},"ao":0,"shapes":[{"ty":"gr","it":[{"d":1,"ty":"el","s":{"a":0,"k":[12.301,12.301],"ix":2},"p":{"a":0,"k":[0,0],"ix":3},"nm":"Ellipse Path 1","mn":"ADBE Vector Shape - Ellipse","hd":false},{"ty":"fl","c":{"a":0,"k":[1,1,1,1],"ix":4},"o":{"a":0,"k":100,"ix":5},"r":1,"nm":"Fill 1","mn":"ADBE Vector Graphic - Fill","hd":false},{"ty":"tr","p":{"a":0,"k":[29.15,133.15],"ix":2},"a":{"a":0,"k":[0,0],"ix":1},"s":{"a":0,"k":[100,100],"ix":3},"r":{"a":0,"k":0,"ix":6},"o":{"a":0,"k":100,"ix":7},"sk":{"a":0,"k":0,"ix":4},"sa":{"a":0,"k":0,"ix":5},"nm":"Transform"}],"nm":"Ellipse 1","np":3,"cix":2,"ix":1,"mn":"ADBE Vector Group","hd":false}],"ip":54.6546546546547,"op":82.6826826826827,"st":54.6546546546547,"bm":0},{"ddd":0,"ind":18,"ty":4,"nm":"Bubble 4","parent":6,"sr":1,"ks":{"o":{"a":0,"k":100,"ix":11},"r":{"a":0,"k":0,"ix":10},"p":{"a":1,"k":[{"i":{"x":0.833,"y":0.833},"o":{"x":0.167,"y":0.167},"n":"0p833_0p833_0p167_0p167","t":47.648,"s":[152.39,342.674,0],"e":[152.39,157.031,0],"to":[0,-30.9405345916748,0],"ti":[0,30.9405345916748,0]},{"t":75.6749913976476}],"ix":2},"a":{"a":0,"k":[29.15,133.15,0],"ix":1},"s":{"a":1,"k":[{"i":{"x":[0.833,0.833,0.833],"y":[0.833,0.833,0.833]},"o":{"x":[0.167,0.167,0.167],"y":[0.167,0.167,0.167]},"n":["0p833_0p833_0p167_0p167","0p833_0p833_0p167_0p167","0p833_0p833_0p167_0p167"],"t":47.648,"s":[0,0,100],"e":[100,100,100]},{"t":75.6749913976476}],"ix":6}},"ao":0,"shapes":[{"ty":"gr","it":[{"d":1,"ty":"el","s":{"a":0,"k":[12.301,12.301],"ix":2},"p":{"a":0,"k":[0,0],"ix":3},"nm":"Ellipse Path 1","mn":"ADBE Vector Shape - Ellipse","hd":false},{"ty":"fl","c":{"a":0,"k":[1,1,1,1],"ix":4},"o":{"a":0,"k":100,"ix":5},"r":1,"nm":"Fill 1","mn":"ADBE Vector Graphic - Fill","hd":false},{"ty":"tr","p":{"a":0,"k":[29.15,133.15],"ix":2},"a":{"a":0,"k":[0,0],"ix":1},"s":{"a":0,"k":[100,100],"ix":3},"r":{"a":0,"k":0,"ix":6},"o":{"a":0,"k":100,"ix":7},"sk":{"a":0,"k":0,"ix":4},"sa":{"a":0,"k":0,"ix":5},"nm":"Transform"}],"nm":"Ellipse 1","np":3,"cix":2,"ix":1,"mn":"ADBE Vector Group","hd":false}],"ip":47.6476476476476,"op":75.6756756756757,"st":47.6476476476476,"bm":0},{"ddd":0,"ind":19,"ty":4,"nm":"Bubble 3","parent":6,"sr":1,"ks":{"o":{"a":0,"k":100,"ix":11},"r":{"a":0,"k":0,"ix":10},"p":{"a":1,"k":[{"i":{"x":0.833,"y":0.833},"o":{"x":0.167,"y":0.167},"n":"0p833_0p833_0p167_0p167","t":40.641,"s":[203.247,342.674,0],"e":[203.247,157.031,0],"to":[0,-30.9405345916748,0],"ti":[0,30.9405345916748,0]},{"t":68.6679843906406}],"ix":2},"a":{"a":0,"k":[29.15,133.15,0],"ix":1},"s":{"a":1,"k":[{"i":{"x":[0.833,0.833,0.833],"y":[0.833,0.833,0.833]},"o":{"x":[0.167,0.167,0.167],"y":[0.167,0.167,0.167]},"n":["0p833_0p833_0p167_0p167","0p833_0p833_0p167_0p167","0p833_0p833_0p167_0p167"],"t":40.641,"s":[0,0,100],"e":[100,100,100]},{"t":68.6679843906406}],"ix":6}},"ao":0,"shapes":[{"ty":"gr","it":[{"d":1,"ty":"el","s":{"a":0,"k":[12.301,12.301],"ix":2},"p":{"a":0,"k":[0,0],"ix":3},"nm":"Ellipse Path 1","mn":"ADBE Vector Shape - Ellipse","hd":false},{"ty":"fl","c":{"a":0,"k":[1,1,1,1],"ix":4},"o":{"a":0,"k":100,"ix":5},"r":1,"nm":"Fill 1","mn":"ADBE Vector Graphic - Fill","hd":false},{"ty":"tr","p":{"a":0,"k":[29.15,133.15],"ix":2},"a":{"a":0,"k":[0,0],"ix":1},"s":{"a":0,"k":[100,100],"ix":3},"r":{"a":0,"k":0,"ix":6},"o":{"a":0,"k":100,"ix":7},"sk":{"a":0,"k":0,"ix":4},"sa":{"a":0,"k":0,"ix":5},"nm":"Transform"}],"nm":"Ellipse 1","np":3,"cix":2,"ix":1,"mn":"ADBE Vector Group","hd":false}],"ip":40.6406406406406,"op":68.6686686686687,"st":40.6406406406406,"bm":0},{"ddd":0,"ind":20,"ty":4,"nm":"Bubble 2","parent":6,"sr":1,"ks":{"o":{"a":0,"k":100,"ix":11},"r":{"a":0,"k":0,"ix":10},"p":{"a":1,"k":[{"i":{"x":0.833,"y":0.833},"o":{"x":0.167,"y":0.167},"n":"0p833_0p833_0p167_0p167","t":33.634,"s":[173.595,342.674,0],"e":[173.595,157.031,0],"to":[0,-30.9405345916748,0],"ti":[0,30.9405345916748,0]},{"t":61.6609773836336}],"ix":2},"a":{"a":0,"k":[29.15,133.15,0],"ix":1},"s":{"a":1,"k":[{"i":{"x":[0.833,0.833,0.833],"y":[0.833,0.833,0.833]},"o":{"x":[0.167,0.167,0.167],"y":[0.167,0.167,0.167]},"n":["0p833_0p833_0p167_0p167","0p833_0p833_0p167_0p167","0p833_0p833_0p167_0p167"],"t":33.634,"s":[0,0,100],"e":[100,100,100]},{"t":61.6609773836336}],"ix":6}},"ao":0,"shapes":[{"ty":"gr","it":[{"d":1,"ty":"el","s":{"a":0,"k":[12.301,12.301],"ix":2},"p":{"a":0,"k":[0,0],"ix":3},"nm":"Ellipse Path 1","mn":"ADBE Vector Shape - Ellipse","hd":false},{"ty":"fl","c":{"a":0,"k":[1,1,1,1],"ix":4},"o":{"a":0,"k":100,"ix":5},"r":1,"nm":"Fill 1","mn":"ADBE Vector Graphic - Fill","hd":false},{"ty":"tr","p":{"a":0,"k":[29.15,133.15],"ix":2},"a":{"a":0,"k":[0,0],"ix":1},"s":{"a":0,"k":[100,100],"ix":3},"r":{"a":0,"k":0,"ix":6},"o":{"a":0,"k":100,"ix":7},"sk":{"a":0,"k":0,"ix":4},"sa":{"a":0,"k":0,"ix":5},"nm":"Transform"}],"nm":"Ellipse 1","np":3,"cix":2,"ix":1,"mn":"ADBE Vector Group","hd":false}],"ip":33.6336336336336,"op":61.6616616616617,"st":33.6336336336336,"bm":0},{"ddd":0,"ind":21,"ty":4,"nm":"Bubble","parent":6,"sr":1,"ks":{"o":{"a":0,"k":100,"ix":11},"r":{"a":0,"k":0,"ix":10},"p":{"a":1,"k":[{"i":{"x":0.833,"y":0.833},"o":{"x":0.167,"y":0.167},"n":"0p833_0p833_0p167_0p167","t":26.627,"s":[229.15,342.674,0],"e":[229.15,157.031,0],"to":[0,-30.9405345916748,0],"ti":[0,30.9405345916748,0]},{"t":54.6539703766266}],"ix":2},"a":{"a":0,"k":[29.15,133.15,0],"ix":1},"s":{"a":1,"k":[{"i":{"x":[0.833,0.833,0.833],"y":[0.833,0.833,0.833]},"o":{"x":[0.167,0.167,0.167],"y":[0.167,0.167,0.167]},"n":["0p833_0p833_0p167_0p167","0p833_0p833_0p167_0p167","0p833_0p833_0p167_0p167"],"t":26.627,"s":[0,0,100],"e":[100,100,100]},{"t":54.6539703766266}],"ix":6}},"ao":0,"shapes":[{"ty":"gr","it":[{"d":1,"ty":"el","s":{"a":0,"k":[12.301,12.301],"ix":2},"p":{"a":0,"k":[0,0],"ix":3},"nm":"Ellipse Path 1","mn":"ADBE Vector Shape - Ellipse","hd":false},{"ty":"fl","c":{"a":0,"k":[1,1,1,1],"ix":4},"o":{"a":0,"k":100,"ix":5},"r":1,"nm":"Fill 1","mn":"ADBE Vector Graphic - Fill","hd":false},{"ty":"tr","p":{"a":0,"k":[29.15,133.15],"ix":2},"a":{"a":0,"k":[0,0],"ix":1},"s":{"a":0,"k":[100,100],"ix":3},"r":{"a":0,"k":0,"ix":6},"o":{"a":0,"k":100,"ix":7},"sk":{"a":0,"k":0,"ix":4},"sa":{"a":0,"k":0,"ix":5},"nm":"Transform"}],"nm":"Ellipse 1","np":3,"cix":2,"ix":1,"mn":"ADBE Vector Group","hd":false}],"ip":26.6266266266266,"op":54.6546546546547,"st":26.6266266266266,"bm":0},{"ddd":0,"ind":22,"ty":4,"nm":"Bottom Front","parent":14,"sr":1,"ks":{"o":{"a":0,"k":100,"ix":11},"r":{"a":0,"k":0,"ix":10},"p":{"a":0,"k":[150,242.742,0],"ix":2},"a":{"a":0,"k":[13.594,52.492,0],"ix":1},"s":{"a":0,"k":[100,100,100],"ix":6}},"ao":0,"shapes":[{"ty":"gr","it":[{"ind":0,"ty":"sh","ix":1,"ks":{"a":1,"k":[{"i":{"x":0.667,"y":1},"o":{"x":0.333,"y":0},"n":"0p667_1_0p333_0","t":0,"s":[{"i":[[-0.028,-6.779],[35.2,0],[-0.016,4.008]],"o":[[0.016,3.758],[-35.2,0],[0.026,-6.779]],"v":[[63.734,0],[0,6.274],[-63.734,0]],"c":false}],"e":[{"i":[[0,-6.779],[35.2,0],[0,6.779]],"o":[[0,6.779],[-35.2,0],[0,-6.779]],"v":[[63.734,0],[0,12.274],[-63.734,0]],"c":false}]},{"t":42.04296875}],"ix":2},"nm":"Path 1","mn":"ADBE Vector Shape - Group","hd":false},{"ty":"st","c":{"a":0,"k":[0.290196078431,0.290196078431,0.290196078431,1],"ix":3},"o":{"a":0,"k":100,"ix":4},"w":{"a":0,"k":6,"ix":5},"lc":1,"lj":1,"ml":4,"nm":"Stroke 1","mn":"ADBE Vector Graphic - Stroke","hd":false},{"ty":"tr","p":{"a":0,"k":[13.594,52.742],"ix":2},"a":{"a":0,"k":[0,0],"ix":1},"s":{"a":0,"k":[100,100],"ix":3},"r":{"a":0,"k":0,"ix":6},"o":{"a":0,"k":100,"ix":7},"sk":{"a":0,"k":0,"ix":4},"sa":{"a":0,"k":0,"ix":5},"nm":"Transform"}],"nm":"Ellipse 1","np":3,"cix":2,"ix":1,"mn":"ADBE Vector Group","hd":false}],"ip":0,"op":1093.09309309309,"st":0,"bm":0},{"ddd":0,"ind":23,"ty":4,"nm":"Water Top","parent":6,"sr":1,"ks":{"o":{"a":1,"k":[{"i":{"x":[0.833],"y":[0.833]},"o":{"x":[0.167],"y":[0.167]},"n":["0p833_0p833_0p167_0p167"],"t":21.02,"s":[0],"e":[100]},{"t":35.035961742993}],"ix":11},"r":{"a":0,"k":0,"ix":10},"p":{"s":true,"x":{"a":0,"k":200,"ix":3},"y":{"a":1,"k":[{"i":{"x":[0.675],"y":[1]},"o":{"x":[0.603],"y":[0]},"n":["0p675_1_0p603_0"],"t":21.02,"s":[360],"e":[180]},{"i":{"x":[0.649],"y":[1]},"o":{"x":[0.58],"y":[0]},"n":["0p649_1_0p58_0"],"t":49.05,"s":[180],"e":[210]},{"i":{"x":[0.79],"y":[1]},"o":{"x":[0.314],"y":[0]},"n":["0p79_1_0p314_0"],"t":77.077,"s":[210],"e":[195]},{"i":{"x":[0.635],"y":[1]},"o":{"x":[0.268],"y":[0]},"n":["0p635_1_0p268_0"],"t":105.001,"s":[195],"e":[200]},{"t":133.133617992993}],"ix":4}},"a":{"a":0,"k":[0,0,0],"ix":1},"s":{"a":1,"k":[{"i":{"x":[0.667,0.667,0.667],"y":[1,1,1]},"o":{"x":[0.333,0.333,0.333],"y":[0,0,0]},"n":["0p667_1_0p333_0","0p667_1_0p333_0","0p667_1_0p333_0"],"t":21.02,"s":[90,90,100],"e":[100,100,100]},{"t":49.049633617993}],"ix":6}},"ao":0,"shapes":[{"ty":"gr","it":[{"d":1,"ty":"el","s":{"a":0,"k":[145.969,29.52],"ix":2},"p":{"a":0,"k":[0,0],"ix":3},"nm":"Ellipse Path 1","mn":"ADBE Vector Shape - Ellipse","hd":false},{"ty":"fl","c":{"a":0,"k":[1,0.364705882353,0.713725490196,1],"ix":4},"o":{"a":0,"k":100,"ix":5},"r":1,"nm":"Fill 1","mn":"ADBE Vector Graphic - Fill","hd":false},{"ty":"tr","p":{"a":0,"k":[-1.016,-22.24],"ix":2},"a":{"a":0,"k":[0,0],"ix":1},"s":{"a":0,"k":[100,100],"ix":3},"r":{"a":0,"k":0,"ix":6},"o":{"a":0,"k":100,"ix":7},"sk":{"a":0,"k":0,"ix":4},"sa":{"a":0,"k":0,"ix":5},"nm":"Transform"}],"nm":"Ellipse 1","np":3,"cix":2,"ix":1,"mn":"ADBE Vector Group","hd":false}],"ip":21.021021021021,"op":1086.08608608609,"st":-7.00700700700701,"bm":0},{"ddd":0,"ind":24,"ty":4,"nm":"Water","parent":6,"sr":1,"ks":{"o":{"a":1,"k":[{"i":{"x":[0.667],"y":[1]},"o":{"x":[0.333],"y":[0]},"n":["0p667_1_0p333_0"],"t":21.021,"s":[0],"e":[100]},{"t":35.03515625}],"ix":11},"r":{"a":0,"k":0,"ix":10},"p":{"a":0,"k":[200,200,0],"ix":2},"a":{"a":0,"k":[0,0,0],"ix":1},"s":{"a":0,"k":[100,100,100],"ix":6}},"ao":0,"shapes":[{"ty":"gr","it":[{"ind":0,"ty":"sh","ix":1,"ks":{"a":1,"k":[{"i":{"x":0.641,"y":0.829},"o":{"x":0.487,"y":0.008},"n":"0p641_0p829_0p487_0p008","t":21.262,"s":[{"i":[[0,0],[0,0],[0,0],[-56.5,0],[0,0]],"o":[[0,0],[0,0],[0,0],[56.5,0],[0,0]],"v":[[65,136.75],[-64.25,138.25],[-64,142.5],[0.25,155],[63,142]],"c":true}],"e":[{"i":[[0,0],[0,0],[0,0],[-56.5,0],[0,0]],"o":[[0,0],[0,0],[0,0],[56.5,0],[0,0]],"v":[[73,-42.5],[-72.5,-43],[-64,142.5],[0.25,155],[63,142]],"c":true}]},{"i":{"x":0.667,"y":1},"o":{"x":0.664,"y":0.04},"n":"0p667_1_0p664_0p04","t":49.049,"s":[{"i":[[0,0],[0,0],[0,0],[-56.5,0],[0,0]],"o":[[0,0],[0,0],[0,0],[56.5,0],[0,0]],"v":[[73,-42.5],[-72.5,-43],[-64,142.5],[0.25,155],[63,142]],"c":true}],"e":[{"i":[[0,0],[0,0],[0,0],[-56.5,0],[0,0]],"o":[[0,0],[0,0],[0,0],[56.5,0],[0,0]],"v":[[72,-10.5],[-72,-11.5],[-64,142.5],[0.25,155],[63,142]],"c":true}]},{"i":{"x":0.667,"y":1},"o":{"x":0.333,"y":0},"n":"0p667_1_0p333_0","t":78.246,"s":[{"i":[[0,0],[0,0],[0,0],[-56.5,0],[0,0]],"o":[[0,0],[0,0],[0,0],[56.5,0],[0,0]],"v":[[72,-10.5],[-72,-11.5],[-64,142.5],[0.25,155],[63,142]],"c":true}],"e":[{"i":[[0,0],[0,0],[0,0],[-56.5,0],[0,0]],"o":[[0,0],[0,0],[0,0],[56.5,0],[0,0]],"v":[[72,-25],[-73,-25],[-64,142.5],[0.25,155],[63,142]],"c":true}]},{"t":106.2734375}],"ix":2},"nm":"Path 1","mn":"ADBE Vector Shape - Group","hd":false},{"ty":"fl","c":{"a":0,"k":[1,0,0.513725490196,1],"ix":4},"o":{"a":0,"k":100,"ix":5},"r":1,"nm":"Fill 1","mn":"ADBE Vector Graphic - Fill","hd":false},{"ty":"tr","p":{"a":0,"k":[0,0],"ix":2},"a":{"a":0,"k":[0,0],"ix":1},"s":{"a":0,"k":[100,100],"ix":3},"r":{"a":0,"k":0,"ix":6},"o":{"a":0,"k":100,"ix":7},"sk":{"a":0,"k":0,"ix":4},"sa":{"a":0,"k":0,"ix":5},"nm":"Transform"}],"nm":"Shape 1","np":3,"cix":2,"ix":1,"mn":"ADBE Vector Group","hd":false}],"ip":21.021021021021,"op":1093.09309309309,"st":0,"bm":0},{"ddd":0,"ind":25,"ty":4,"nm":"Bottom Back","parent":14,"sr":1,"ks":{"o":{"a":0,"k":100,"ix":11},"r":{"a":0,"k":0,"ix":10},"p":{"a":0,"k":[150,242.992,0],"ix":2},"a":{"a":0,"k":[13.594,52.992,0],"ix":1},"s":{"a":0,"k":[100,100,100],"ix":6}},"ao":0,"shapes":[{"ty":"gr","it":[{"ind":0,"ty":"sh","ix":1,"ks":{"a":1,"k":[{"i":{"x":0.667,"y":1},"o":{"x":0.333,"y":0},"n":"0p667_1_0p333_0","t":0,"s":[{"i":[[-0.374,6.768],[-35.2,0],[-0.234,-3.492]],"o":[[0.234,-4.242],[35.2,0],[0.454,6.764]],"v":[[-63.734,0],[0,-6.274],[63.734,0]],"c":false}],"e":[{"i":[[0,6.779],[-35.2,0],[0,-6.779]],"o":[[0,-6.779],[35.2,0],[0,6.779]],"v":[[-63.734,0],[0,-12.274],[63.734,0]],"c":false}]},{"t":42.04296875}],"ix":2},"nm":"Path 1","mn":"ADBE Vector Shape - Group","hd":false},{"ty":"st","c":{"a":0,"k":[0.290196078431,0.290196078431,0.290196078431,1],"ix":3},"o":{"a":0,"k":100,"ix":4},"w":{"a":0,"k":4,"ix":5},"lc":1,"lj":1,"ml":4,"nm":"Stroke 1","mn":"ADBE Vector Graphic - Stroke","hd":false},{"ty":"tr","p":{"a":0,"k":[13.594,52.742],"ix":2},"a":{"a":0,"k":[0,0],"ix":1},"s":{"a":0,"k":[100,100],"ix":3},"r":{"a":0,"k":0,"ix":6},"o":{"a":0,"k":100,"ix":7},"sk":{"a":0,"k":0,"ix":4},"sa":{"a":0,"k":0,"ix":5},"nm":"Transform"}],"nm":"Ellipse 1","np":3,"cix":2,"ix":1,"mn":"ADBE Vector Group","hd":false}],"ip":0,"op":1093.09309309309,"st":0,"bm":0},{"ddd":0,"ind":26,"ty":4,"nm":"Shadow","sr":1,"ks":{"o":{"a":0,"k":100,"ix":11},"r":{"a":0,"k":0,"ix":10},"p":{"a":0,"k":[190,310.303,0],"ix":2},"a":{"a":0,"k":[14.641,145.303,0],"ix":1},"s":{"a":0,"k":[100,100,100],"ix":6}},"ao":0,"shapes":[{"ty":"gr","it":[{"d":1,"ty":"el","s":{"a":0,"k":[197.281,30.57],"ix":2},"p":{"a":0,"k":[0,0],"ix":3},"nm":"Ellipse Path 1","mn":"ADBE Vector Shape - Ellipse","hd":false},{"ty":"fl","c":{"a":0,"k":[0.925490196078,0.925490196078,0.925490196078,1],"ix":4},"o":{"a":0,"k":100,"ix":5},"r":1,"nm":"Fill 1","mn":"ADBE Vector Graphic - Fill","hd":false},{"ty":"tr","p":{"a":0,"k":[14.641,145.285],"ix":2},"a":{"a":0,"k":[0,0],"ix":1},"s":{"a":0,"k":[100,100],"ix":3},"r":{"a":0,"k":0,"ix":6},"o":{"a":0,"k":100,"ix":7},"sk":{"a":0,"k":0,"ix":4},"sa":{"a":0,"k":0,"ix":5},"nm":"Transform"}],"nm":"Ellipse 1","np":3,"cix":2,"ix":1,"mn":"ADBE Vector Group","hd":false}],"ip":0,"op":1093.09309309309,"st":28.028028028028,"bm":0}],"markers":[]}