{"v":"5.4.4","fr":60,"ip":0,"op":269,"w":360,"h":360,"nm":"Perfoming Analysis_Auto Failure","ddd":0,"assets":[{"id":"comp_0","layers":[{"ddd":0,"ind":1,"ty":4,"nm":"Artwork 63","sr":1,"ks":{"o":{"a":0,"k":100,"ix":11},"r":{"a":0,"k":0,"ix":10},"p":{"a":1,"k":[{"i":{"x":0.667,"y":1},"o":{"x":0.333,"y":0},"t":0,"s":[108,303.5,0],"e":[108,97.5,0],"to":[0,-34.333,0],"ti":[0,30.333,0]},{"i":{"x":0.667,"y":1},"o":{"x":0.333,"y":0},"t":20.02,"s":[108,97.5,0],"e":[108,121.5,0],"to":[0,-30.333,0],"ti":[0,-2.667,0]},{"i":{"x":0.667,"y":1},"o":{"x":0.167,"y":0},"t":32.032,"s":[108,121.5,0],"e":[108,113.5,0],"to":[0,2.667,0],"ti":[0,1.333,0]},{"t":40.04004004004}],"ix":2},"a":{"a":0,"k":[0.792,3.309,0],"ix":1},"s":{"a":0,"k":[2000,2000,100],"ix":6}},"ao":0,"ef":[{"ty":28,"nm":"Set Matte","np":8,"mn":"ADBE Set Matte3","ix":1,"en":1,"ef":[{"ty":10,"nm":"Take Matte From Layer","mn":"ADBE Set Matte3-0001","ix":1,"v":{"a":0,"k":1,"ix":1}},{"ty":7,"nm":"Use For Matte","mn":"ADBE Set Matte3-0002","ix":2,"v":{"a":0,"k":4,"ix":2}},{"ty":7,"nm":"Invert Matte","mn":"ADBE Set Matte3-0003","ix":3,"v":{"a":0,"k":0,"ix":3}},{"ty":7,"nm":"If Layer Sizes Differ","mn":"ADBE Set Matte3-0004","ix":4,"v":{"a":0,"k":1,"ix":4}},{"ty":7,"nm":"Composite Matte with Original","mn":"ADBE Set Matte3-0005","ix":5,"v":{"a":0,"k":1,"ix":5}},{"ty":7,"nm":"Premultiply Matte Layer","mn":"ADBE Set Matte3-0006","ix":6,"v":{"a":0,"k":1,"ix":6}}]}],"shapes":[{"ty":"gr","it":[{"ind":0,"ty":"sh","ix":1,"ks":{"a":0,"k":{"i":[[0,0],[0,0],[-0.033,-0.272],[-0.054,-0.282],[0,0],[-0.033,0.272],[0,0.276],[0,0]],"o":[[0,0],[0,0.276],[0.034,0.272],[0,0],[0.054,-0.282],[0.033,-0.272],[0,0],[0,0]],"v":[[-0.639,-3.31],[-0.639,-0.736],[-0.59,0.086],[-0.459,0.916],[0.486,0.916],[0.616,0.086],[0.666,-0.736],[0.666,-3.31]],"c":true},"ix":2},"nm":"Path 1","mn":"ADBE Vector Shape - Group","hd":false},{"ind":1,"ty":"sh","ix":2,"ks":{"a":0,"k":{"i":[[0.096,-0.041],[0.071,-0.069],[0.04,-0.094],[0,-0.108],[-0.041,-0.094],[-0.07,-0.07],[-0.095,-0.039],[-0.113,0],[-0.096,0.039],[-0.072,0.068],[-0.04,0.094],[0,0.109],[0.041,0.094],[0.071,0.068],[0.097,0.04],[0.111,0]],"o":[[-0.095,0.04],[-0.07,0.068],[-0.041,0.094],[0,0.109],[0.04,0.094],[0.071,0.068],[0.096,0.039],[0.111,0],[0.097,-0.039],[0.071,-0.07],[0.041,-0.094],[0,-0.108],[-0.04,-0.094],[-0.072,-0.069],[-0.096,-0.041],[-0.113,0]],"v":[[-0.315,1.832],[-0.565,1.996],[-0.731,2.239],[-0.792,2.54],[-0.731,2.844],[-0.565,3.09],[-0.315,3.251],[0,3.31],[0.31,3.251],[0.563,3.09],[0.731,2.844],[0.792,2.54],[0.731,2.239],[0.563,1.996],[0.31,1.832],[0,1.771]],"c":true},"ix":2},"nm":"Path 2","mn":"ADBE Vector Shape - Group","hd":false},{"ty":"mm","mm":1,"nm":"Merge Paths 1","mn":"ADBE Vector Filter - Merge","hd":false},{"ty":"fl","c":{"a":0,"k":[1,1,1,1],"ix":4},"o":{"a":0,"k":100,"ix":5},"r":1,"bm":0,"nm":"Fill 1","mn":"ADBE Vector Graphic - Fill","hd":false},{"ty":"tr","p":{"a":0,"k":[0.792,3.309],"ix":2},"a":{"a":0,"k":[0,0],"ix":1},"s":{"a":0,"k":[100,100],"ix":3},"r":{"a":0,"k":0,"ix":6},"o":{"a":0,"k":100,"ix":7},"sk":{"a":0,"k":0,"ix":4},"sa":{"a":0,"k":0,"ix":5},"nm":"Transform"}],"nm":"Group 1","np":4,"cix":2,"bm":0,"ix":1,"mn":"ADBE Vector Group","hd":false}],"ip":0,"op":142.142142142142,"st":-252.252252252252,"bm":0},{"ddd":0,"ind":2,"ty":4,"nm":"Shape Layer 2","sr":1,"ks":{"o":{"a":0,"k":100,"ix":11},"r":{"a":0,"k":0,"ix":10},"p":{"a":0,"k":[110.268,110.268,0],"ix":2},"a":{"a":0,"k":[2.268,-13.232,0],"ix":1},"s":{"a":1,"k":[{"i":{"x":[0.667,0.667,0.667],"y":[1,1,1]},"o":{"x":[0.333,0.333,0.333],"y":[0,0,0]},"t":-18.018,"s":[0,0,100],"e":[1019,1019,100]},{"t":0}],"ix":6}},"ao":0,"shapes":[{"ty":"gr","it":[{"d":1,"ty":"el","s":{"a":0,"k":[21.535,21.535],"ix":2},"p":{"a":0,"k":[0,0],"ix":3},"nm":"Ellipse Path 1","mn":"ADBE Vector Shape - Ellipse","hd":false},{"ty":"fl","c":{"a":0,"k":[0.717647058824,0.717647058824,0.717647058824,1],"ix":4},"o":{"a":0,"k":100,"ix":5},"r":1,"bm":0,"nm":"Fill 1","mn":"ADBE Vector Graphic - Fill","hd":false},{"ty":"tr","p":{"a":0,"k":[2.268,-13.232],"ix":2},"a":{"a":0,"k":[0,0],"ix":1},"s":{"a":0,"k":[100,100],"ix":3},"r":{"a":0,"k":0,"ix":6},"o":{"a":0,"k":100,"ix":7},"sk":{"a":0,"k":0,"ix":4},"sa":{"a":0,"k":0,"ix":5},"nm":"Transform"}],"nm":"Ellipse 1","np":3,"cix":2,"bm":0,"ix":1,"mn":"ADBE Vector Group","hd":false}],"ip":0,"op":142.142142142142,"st":-172.172172172172,"bm":0},{"ddd":0,"ind":5,"ty":3,"nm":"Null 2","sr":1,"ks":{"o":{"a":0,"k":0,"ix":11},"r":{"a":0,"k":0,"ix":10},"p":{"a":0,"k":[101.032,113.036,0],"ix":2},"a":{"a":0,"k":[50,50,0],"ix":1},"s":{"a":0,"k":[100,100,100],"ix":6}},"ao":0,"ip":0,"op":142.142142142142,"st":-242.242242242242,"bm":0},{"ddd":0,"ind":7,"ty":4,"nm":"Circle _Main","sr":1,"ks":{"o":{"a":0,"k":100,"ix":11},"r":{"a":0,"k":0,"ix":10},"p":{"a":0,"k":[96.032,113.032,0],"ix":2},"a":{"a":0,"k":[8.402,8.402,0],"ix":1},"s":{"a":0,"k":[2000,2000,100],"ix":6}},"ao":0,"shapes":[{"ty":"gr","it":[{"ind":0,"ty":"sh","ix":1,"ks":{"a":0,"k":{"i":[[-2.485,0],[0,2.485],[2.485,0],[0,-2.485]],"o":[[2.485,0],[0,-2.485],[-2.485,0],[0,2.485]],"v":[[0,4.5],[4.5,0],[0,-4.5],[-4.5,0]],"c":true},"ix":2},"nm":"Path 1","mn":"ADBE Vector Shape - Group","hd":false},{"ty":"st","c":{"a":0,"k":[1,0,0.513999968884,1],"ix":3},"o":{"a":0,"k":100,"ix":4},"w":{"a":0,"k":2,"ix":5},"lc":2,"lj":1,"ml":10,"bm":0,"nm":"Stroke 1","mn":"ADBE Vector Graphic - Stroke","hd":false},{"ty":"tr","p":{"a":0,"k":[9.114,8.261],"ix":2},"a":{"a":0,"k":[0,0],"ix":1},"s":{"a":0,"k":[100,100],"ix":3},"r":{"a":0,"k":0,"ix":6},"o":{"a":0,"k":100,"ix":7},"sk":{"a":0,"k":0,"ix":4},"sa":{"a":0,"k":0,"ix":5},"nm":"Transform"}],"nm":"Group 2","np":2,"cix":2,"bm":0,"ix":1,"mn":"ADBE Vector Group","hd":false},{"ty":"tm","s":{"a":1,"k":[{"i":{"x":[0.833],"y":[0.833]},"o":{"x":[0.167],"y":[0.167]},"t":-152.152,"s":[43],"e":[23]},{"i":{"x":[0.833],"y":[0.833]},"o":{"x":[0.167],"y":[0.167]},"t":-117.152,"s":[23],"e":[23]},{"i":{"x":[0.833],"y":[0.833]},"o":{"x":[0.167],"y":[0.167]},"t":-22.022,"s":[23],"e":[0]},{"t":-8.00800800800801}],"ix":1},"e":{"a":1,"k":[{"i":{"x":[0.566],"y":[1]},"o":{"x":[0.211],"y":[0]},"t":-152.152,"s":[43],"e":[62]},{"i":{"x":[0.643],"y":[1.071]},"o":{"x":[0.302],"y":[0]},"t":-78.078,"s":[62],"e":[26.172]},{"i":{"x":[0.84],"y":[1]},"o":{"x":[0.387],"y":[0.109]},"t":-60.06,"s":[26.172],"e":[100]},{"i":{"x":[0.816],"y":[13.273]},"o":{"x":[0.524],"y":[0]},"t":-8.008,"s":[100],"e":[100]},{"t":26.026026026026}],"ix":2},"o":{"a":1,"k":[{"i":{"x":[0.72],"y":[0.625]},"o":{"x":[0.304],"y":[0]},"t":-152.152,"s":[-318],"e":[-1455.427]},{"i":{"x":[0.771],"y":[0.819]},"o":{"x":[0.422],"y":[0.784]},"t":-8.008,"s":[-1455.427],"e":[-1649]},{"t":26.026026026026}],"ix":3},"m":1,"ix":2,"nm":"Trim Paths 1","mn":"ADBE Vector Filter - Trim","hd":false}],"ip":-0.60606060606061,"op":0,"st":-214.214214214214,"bm":0},{"ddd":0,"ind":8,"ty":4,"nm":"Circle _Grey","sr":1,"ks":{"o":{"a":0,"k":100,"ix":11},"r":{"a":0,"k":0,"ix":10},"p":{"a":0,"k":[96.032,113.032,0],"ix":2},"a":{"a":0,"k":[8.402,8.402,0],"ix":1},"s":{"a":0,"k":[2000,2000,100],"ix":6}},"ao":0,"shapes":[{"ty":"gr","it":[{"ind":0,"ty":"sh","ix":1,"ks":{"a":0,"k":{"i":[[0,0]],"o":[[0,0]],"v":[[24.5,-2.65]],"c":false},"ix":2},"nm":"Path 1","mn":"ADBE Vector Shape - Group","hd":false},{"ty":"st","c":{"a":0,"k":[0.925490196078,0.925490196078,0.925490196078,1],"ix":3},"o":{"a":0,"k":100,"ix":4},"w":{"a":0,"k":2,"ix":5},"lc":1,"lj":1,"ml":4,"bm":0,"nm":"Stroke 1","mn":"ADBE Vector Graphic - Stroke","hd":false},{"ty":"fl","c":{"a":0,"k":[1,0,0.513725490196,1],"ix":4},"o":{"a":0,"k":100,"ix":5},"r":1,"bm":0,"nm":"Fill 1","mn":"ADBE Vector Graphic - Fill","hd":false},{"ty":"tr","p":{"a":0,"k":[0,0],"ix":2},"a":{"a":0,"k":[0,0],"ix":1},"s":{"a":0,"k":[100,100],"ix":3},"r":{"a":0,"k":0,"ix":6},"o":{"a":0,"k":100,"ix":7},"sk":{"a":0,"k":0,"ix":4},"sa":{"a":0,"k":0,"ix":5},"nm":"Transform"}],"nm":"Shape 1","np":3,"cix":2,"bm":0,"ix":1,"mn":"ADBE Vector Group","hd":false},{"ty":"gr","it":[{"ind":0,"ty":"sh","ix":1,"ks":{"a":0,"k":{"i":[[-2.485,0],[0,2.485],[2.485,0],[0,-2.485]],"o":[[2.485,0],[0,-2.485],[-2.485,0],[0,2.485]],"v":[[0,4.5],[4.5,0],[0,-4.5],[-4.5,0]],"c":true},"ix":2},"nm":"Path 1","mn":"ADBE Vector Shape - Group","hd":false},{"ty":"st","c":{"a":0,"k":[0.925490196078,0.925490196078,0.925490196078,1],"ix":3},"o":{"a":0,"k":100,"ix":4},"w":{"a":0,"k":2,"ix":5},"lc":2,"lj":1,"ml":10,"bm":0,"nm":"Stroke 1","mn":"ADBE Vector Graphic - Stroke","hd":false},{"ty":"tr","p":{"a":0,"k":[9.114,8.261],"ix":2},"a":{"a":0,"k":[0,0],"ix":1},"s":{"a":0,"k":[100,100],"ix":3},"r":{"a":0,"k":0,"ix":6},"o":{"a":0,"k":100,"ix":7},"sk":{"a":0,"k":0,"ix":4},"sa":{"a":0,"k":0,"ix":5},"nm":"Transform"}],"nm":"Group 2","np":2,"cix":2,"bm":0,"ix":2,"mn":"ADBE Vector Group","hd":false},{"ty":"tm","s":{"a":0,"k":0,"ix":1},"e":{"a":1,"k":[{"i":{"x":[0.833],"y":[0.833]},"o":{"x":[0.167],"y":[0.167]},"t":12.012,"s":[100],"e":[0]},{"t":24.024024024024}],"ix":2},"o":{"a":0,"k":-99,"ix":3},"m":1,"ix":3,"nm":"Trim Paths 1","mn":"ADBE Vector Filter - Trim","hd":false}],"ip":0,"op":142.142142142142,"st":-214.214214214214,"bm":0}]}],"layers":[{"ddd":0,"ind":1,"ty":0,"nm":"Perfoming Analysis_Failure 3","refId":"comp_0","sr":1,"ks":{"o":{"a":0,"k":100,"ix":11},"r":{"a":0,"k":0,"ix":10},"p":{"a":0,"k":[180,180,0],"ix":2},"a":{"a":0,"k":[110.5,110,0],"ix":1},"s":{"a":1,"k":[{"i":{"x":[0.667,0.667,0.667],"y":[1,1,1]},"o":{"x":[0.333,0.333,0.333],"y":[0,0,0]},"t":0,"s":[34,34,100],"e":[118,118,100]},{"i":{"x":[0.833,0.833,0.833],"y":[1,1,1]},"o":{"x":[0.333,0.333,0.333],"y":[0,0,0]},"t":12.572,"s":[118,118,100],"e":[100,100,100]},{"t":24}],"ix":6}},"ao":0,"tm":{"a":1,"k":[{"i":{"x":[0.833],"y":[0.833]},"o":{"x":[0.167],"y":[0.167]},"t":0,"s":[0],"e":[2.367]},{"t":142,"s":[2.367],"h":1}],"ix":2},"w":221,"h":220,"ip":0,"op":269,"st":0,"bm":0}],"markers":[]}