{"v":"5.4.4","fr":60,"ip":0,"op":269,"w":360,"h":360,"nm":"Perfoming Analysis_Success","ddd":0,"assets":[],"layers":[{"ddd":0,"ind":1,"ty":4,"nm":"Splash","sr":1,"ks":{"o":{"a":1,"k":[{"i":{"x":[0.667],"y":[1]},"o":{"x":[0.333],"y":[0]},"t":182.182,"s":[0],"e":[100]},{"t":226.22534253003}],"ix":11},"r":{"a":1,"k":[{"i":{"x":[0.667],"y":[1]},"o":{"x":[0.333],"y":[0]},"t":176.177,"s":[55],"e":[102]},{"t":222.22143628003}],"ix":10},"p":{"a":0,"k":[180.018,180,0],"ix":2},"a":{"a":0,"k":[0.018,0.127,0],"ix":1},"s":{"a":0,"k":[100,100,100],"ix":6}},"ao":0,"shapes":[{"ty":"gr","it":[{"ind":0,"ty":"sh","ix":1,"ks":{"a":0,"k":{"i":[[-10.011,0],[0,-10.011],[10.011,0],[0,10.011]],"o":[[10.011,0],[0,10.011],[-10.011,0],[0,-10.011]],"v":[[0,-18.127],[18.127,0],[0,18.127],[-18.127,0]],"c":true},"ix":2},"nm":"Path 1","mn":"ADBE Vector Shape - Group","hd":false},{"ty":"fl","c":{"a":0,"k":[1,0,0.513725490196,1],"ix":4},"o":{"a":0,"k":100,"ix":5},"r":1,"bm":0,"nm":"Fill 1","mn":"ADBE Vector Graphic - Fill","hd":false},{"ty":"tr","p":{"a":1,"k":[{"i":{"x":0.667,"y":1},"o":{"x":0.333,"y":0},"t":74.075,"s":[-66.358,103.248],"e":[-100.358,142.248],"to":[0,0],"ti":[8.888,-14.916]},{"t":214.21362378003}],"ix":2},"a":{"a":0,"k":[42.469,0],"ix":1},"s":{"a":1,"k":[{"i":{"x":[0.667,0.667],"y":[1,1]},"o":{"x":[0.333,0.333],"y":[0,0]},"t":188.188,"s":[103,103],"e":[0,0]},{"t":246.24682690503}],"ix":3},"r":{"a":0,"k":-271,"ix":6},"o":{"a":0,"k":100,"ix":7},"sk":{"a":0,"k":0,"ix":4},"sa":{"a":0,"k":0,"ix":5},"nm":"Transform"}],"nm":"Ellipse 1","np":3,"cix":2,"bm":0,"ix":1,"mn":"ADBE Vector Group","hd":false},{"ty":"rp","c":{"a":0,"k":5,"ix":1},"o":{"a":0,"k":0,"ix":2},"m":1,"ix":2,"tr":{"ty":"tr","p":{"a":0,"k":[0,0],"ix":2},"a":{"a":0,"k":[0,0],"ix":1},"s":{"a":0,"k":[100,100],"ix":3},"r":{"a":0,"k":214,"ix":4},"so":{"a":0,"k":100,"ix":5},"eo":{"a":0,"k":100,"ix":6},"nm":"Transform"},"nm":"Repeater 1","mn":"ADBE Vector Filter - Repeater","hd":false}],"ip":136.136136136136,"op":268.268268268268,"st":30.03003003003,"bm":0},{"ddd":0,"ind":7,"ty":3,"nm":"Null 2","sr":1,"ks":{"o":{"a":0,"k":0,"ix":11},"r":{"a":0,"k":0,"ix":10},"p":{"a":0,"k":[172.032,183.036,0],"ix":2},"a":{"a":0,"k":[50,50,0],"ix":1},"s":{"a":0,"k":[100,100,100],"ix":6}},"ao":0,"ip":0,"op":270.27027027027,"st":-62.0620620620621,"bm":0},{"ddd":0,"ind":8,"ty":4,"nm":"V","parent":7,"sr":1,"ks":{"o":{"a":0,"k":100,"ix":11},"r":{"a":0,"k":0,"ix":10},"p":{"a":0,"k":[55,50.004,0],"ix":2},"a":{"a":0,"k":[8.902,8.402,0],"ix":1},"s":{"a":0,"k":[2000,2000,100],"ix":6}},"ao":0,"shapes":[{"ty":"gr","it":[{"ind":0,"ty":"sh","ix":1,"ks":{"a":0,"k":{"i":[[0,0],[0,0],[0,0]],"o":[[0,0],[0,0],[0,0]],"v":[[-4,-0.247],[-1.164,2.5],[4,-2.5]],"c":false},"ix":2},"nm":"Path 1","mn":"ADBE Vector Shape - Group","hd":false},{"ty":"st","c":{"a":0,"k":[1,0,0.513999968884,1],"ix":3},"o":{"a":0,"k":100,"ix":4},"w":{"a":0,"k":2,"ix":5},"lc":2,"lj":2,"bm":0,"nm":"Stroke 1","mn":"ADBE Vector Graphic - Stroke","hd":false},{"ty":"tr","p":{"a":0,"k":[8.902,8.402],"ix":2},"a":{"a":0,"k":[0,0],"ix":1},"s":{"a":0,"k":[100,100],"ix":3},"r":{"a":0,"k":0,"ix":6},"o":{"a":0,"k":100,"ix":7},"sk":{"a":0,"k":0,"ix":4},"sa":{"a":0,"k":0,"ix":5},"nm":"Transform"}],"nm":"Group 1","np":2,"cix":2,"bm":0,"ix":1,"mn":"ADBE Vector Group","hd":false},{"ty":"tm","s":{"a":1,"k":[{"i":{"x":[0.667],"y":[1]},"o":{"x":[0.333],"y":[0]},"t":180.18,"s":[100],"e":[0]},{"t":194.193797312938}],"ix":1},"e":{"a":1,"k":[{"i":{"x":[0.667],"y":[1]},"o":{"x":[0.333],"y":[0]},"t":190.19,"s":[100],"e":[80]},{"i":{"x":[0.667],"y":[1]},"o":{"x":[0.333],"y":[0]},"t":202.202,"s":[80],"e":[100]},{"i":{"x":[0.667],"y":[1]},"o":{"x":[0.333],"y":[0]},"t":213.413,"s":[100],"e":[93]},{"t":220.221141062938}],"ix":2},"o":{"a":0,"k":0,"ix":3},"m":1,"ix":2,"nm":"Trim Paths 1","mn":"ADBE Vector Filter - Trim","hd":false}],"ip":0,"op":270.27027027027,"st":-62.0620620620621,"bm":0},{"ddd":0,"ind":9,"ty":4,"nm":"Circle _Main","parent":7,"sr":1,"ks":{"o":{"a":0,"k":100,"ix":11},"r":{"a":0,"k":0,"ix":10},"p":{"a":0,"k":[45,49.996,0],"ix":2},"a":{"a":0,"k":[8.402,8.402,0],"ix":1},"s":{"a":0,"k":[2000,2000,100],"ix":6}},"ao":0,"shapes":[{"ty":"gr","it":[{"ind":0,"ty":"sh","ix":1,"ks":{"a":0,"k":{"i":[[-2.485,0],[0,2.485],[2.485,0],[0,-2.485]],"o":[[2.485,0],[0,-2.485],[-2.485,0],[0,2.485]],"v":[[0,4.5],[4.5,0],[0,-4.5],[-4.5,0]],"c":true},"ix":2},"nm":"Path 1","mn":"ADBE Vector Shape - Group","hd":false},{"ty":"st","c":{"a":0,"k":[1,0,0.513999968884,1],"ix":3},"o":{"a":0,"k":100,"ix":4},"w":{"a":0,"k":2,"ix":5},"lc":2,"lj":1,"ml":10,"bm":0,"nm":"Stroke 1","mn":"ADBE Vector Graphic - Stroke","hd":false},{"ty":"tr","p":{"a":0,"k":[9.114,8.261],"ix":2},"a":{"a":0,"k":[0,0],"ix":1},"s":{"a":0,"k":[100,100],"ix":3},"r":{"a":0,"k":0,"ix":6},"o":{"a":0,"k":100,"ix":7},"sk":{"a":0,"k":0,"ix":4},"sa":{"a":0,"k":0,"ix":5},"nm":"Transform"}],"nm":"Group 2","np":2,"cix":2,"bm":0,"ix":1,"mn":"ADBE Vector Group","hd":false},{"ty":"tm","s":{"a":1,"k":[{"i":{"x":[0.833],"y":[0.833]},"o":{"x":[0.167],"y":[0.167]},"t":0,"s":[43],"e":[23]},{"i":{"x":[0.833],"y":[0.833]},"o":{"x":[0.167],"y":[0.167]},"t":35,"s":[23],"e":[23]},{"t":130.129344187938}],"ix":1},"e":{"a":1,"k":[{"i":{"x":[0.566],"y":[1]},"o":{"x":[0.211],"y":[0]},"t":18.018,"s":[43],"e":[62]},{"i":{"x":[0.643],"y":[1.151]},"o":{"x":[0.302],"y":[0]},"t":52.051,"s":[62],"e":[26.172]},{"i":{"x":[0.84],"y":[1]},"o":{"x":[0.387],"y":[0.104]},"t":90.09,"s":[26.172],"e":[100]},{"i":{"x":[0.582],"y":[1]},"o":{"x":[0.598],"y":[0]},"t":140.141,"s":[100],"e":[23]},{"t":194.193797312938}],"ix":2},"o":{"a":1,"k":[{"i":{"x":[0.833],"y":[0.907]},"o":{"x":[0.333],"y":[0]},"t":0,"s":[-318],"e":[-1758]},{"t":178.178172312938}],"ix":3},"m":1,"ix":2,"nm":"Trim Paths 1","mn":"ADBE Vector Filter - Trim","hd":false}],"ip":0,"op":202.202202202202,"st":-62.0620620620621,"bm":0},{"ddd":0,"ind":11,"ty":4,"nm":"Circle _Grey","parent":7,"sr":1,"ks":{"o":{"a":0,"k":100,"ix":11},"r":{"a":0,"k":0,"ix":10},"p":{"a":0,"k":[45,49.996,0],"ix":2},"a":{"a":0,"k":[8.402,8.402,0],"ix":1},"s":{"a":0,"k":[2000,2000,100],"ix":6}},"ao":0,"shapes":[{"ty":"gr","it":[{"ind":0,"ty":"sh","ix":1,"ks":{"a":0,"k":{"i":[[0,0]],"o":[[0,0]],"v":[[24.5,-2.65]],"c":false},"ix":2},"nm":"Path 1","mn":"ADBE Vector Shape - Group","hd":false},{"ty":"st","c":{"a":0,"k":[0.925490196078,0.925490196078,0.925490196078,1],"ix":3},"o":{"a":0,"k":100,"ix":4},"w":{"a":0,"k":2,"ix":5},"lc":1,"lj":1,"ml":4,"bm":0,"nm":"Stroke 1","mn":"ADBE Vector Graphic - Stroke","hd":false},{"ty":"fl","c":{"a":0,"k":[1,0,0.513725490196,1],"ix":4},"o":{"a":0,"k":100,"ix":5},"r":1,"bm":0,"nm":"Fill 1","mn":"ADBE Vector Graphic - Fill","hd":false},{"ty":"tr","p":{"a":0,"k":[0,0],"ix":2},"a":{"a":0,"k":[0,0],"ix":1},"s":{"a":0,"k":[100,100],"ix":3},"r":{"a":0,"k":0,"ix":6},"o":{"a":0,"k":100,"ix":7},"sk":{"a":0,"k":0,"ix":4},"sa":{"a":0,"k":0,"ix":5},"nm":"Transform"}],"nm":"Shape 1","np":3,"cix":2,"bm":0,"ix":1,"mn":"ADBE Vector Group","hd":false},{"ty":"gr","it":[{"ind":0,"ty":"sh","ix":1,"ks":{"a":0,"k":{"i":[[-2.485,0],[0,2.485],[2.485,0],[0,-2.485]],"o":[[2.485,0],[0,-2.485],[-2.485,0],[0,2.485]],"v":[[0,4.5],[4.5,0],[0,-4.5],[-4.5,0]],"c":true},"ix":2},"nm":"Path 1","mn":"ADBE Vector Shape - Group","hd":false},{"ty":"st","c":{"a":0,"k":[0.925490196078,0.925490196078,0.925490196078,1],"ix":3},"o":{"a":0,"k":100,"ix":4},"w":{"a":0,"k":2,"ix":5},"lc":2,"lj":1,"ml":10,"bm":0,"nm":"Stroke 1","mn":"ADBE Vector Graphic - Stroke","hd":false},{"ty":"tr","p":{"a":0,"k":[9.114,8.261],"ix":2},"a":{"a":0,"k":[0,0],"ix":1},"s":{"a":0,"k":[100,100],"ix":3},"r":{"a":0,"k":0,"ix":6},"o":{"a":0,"k":100,"ix":7},"sk":{"a":0,"k":0,"ix":4},"sa":{"a":0,"k":0,"ix":5},"nm":"Transform"}],"nm":"Group 2","np":2,"cix":2,"bm":0,"ix":2,"mn":"ADBE Vector Group","hd":false},{"ty":"tm","s":{"a":0,"k":0,"ix":1},"e":{"a":1,"k":[{"i":{"x":[0.833],"y":[0.833]},"o":{"x":[0.167],"y":[0.167]},"t":168.168,"s":[100],"e":[0]},{"t":192.191844187938}],"ix":2},"o":{"a":1,"k":[{"i":{"x":[0.833],"y":[0.833]},"o":{"x":[0.167],"y":[0.167]},"t":168.168,"s":[-174],"e":[-230]},{"t":192.191844187938}],"ix":3},"m":1,"ix":3,"nm":"Trim Paths 1","mn":"ADBE Vector Filter - Trim","hd":false}],"ip":0,"op":258.258258258258,"st":-62.0620620620621,"bm":0}],"markers":[]}